"COMPONENT_ID","PROTEIN_CLASS_ID","COMP_CLASS_ID"
1,425,1
2,422,2
3,12,3
4,422,4
5,11,5
6,11,6
7,323,7
8,11,8
9,424,9
10,559,10
11,559,11
12,559,12
13,559,13
14,422,14
15,559,15
16,406,16
17,148,17
18,422,18
19,406,19
20,406,20
21,11,21
22,8,22
23,455,23
24,443,24
25,544,25
26,406,26
27,456,27
28,457,28
29,455,29
30,455,30
31,457,31
32,455,32
33,544,33
34,8,34
35,8,35
36,323,36
37,329,37
38,455,38
39,457,39
40,329,40
41,455,41
42,406,42
43,422,43
44,127,44
45,544,45
46,422,46
47,443,47
48,455,48
49,443,49
50,443,50
51,325,51
52,127,52
53,127,53
54,127,54
55,5,55
56,127,56
57,423,57
58,127,58
59,127,59
60,129,60
61,127,61
62,127,62
63,458,63
64,473,64
65,127,65
66,1,66
67,8,67
68,11,68
69,559,69
70,25,70
71,231,71
72,644,72
73,643,73
74,3,74
75,435,75
76,500,76
77,646,77
78,10,78
79,457,79
81,562,81
82,243,82
83,517,83
84,407,84
85,422,85
86,427,86
87,646,87
89,567,89
90,1028,90
91,503,91
92,38,92
93,38,93
94,648,94
95,38,95
96,646,96
96,449,97
97,2,98
97,11,99
98,517,100
99,542,101
100,644,102
101,646,103
101,494,104
102,33,105
103,10,106
104,566,107
105,516,108
106,565,109
107,646,110
108,646,111
109,540,112
110,90,113
111,1028,114
113,23,116
114,11,117
116,1,119
117,559,120
118,10,121
120,149,123
121,541,124
122,3,125
123,644,126
124,104,127
125,643,128
126,646,129
127,487,130
128,10,131
129,535,132
130,3,133
131,202,134
132,507,135
133,542,136
134,3,137
135,190,138
136,565,139
137,1,140
138,275,141
139,10,142
140,90,143
141,141,144
142,9,145
143,648,146
144,11,147
145,159,148
146,544,149
147,149,150
148,10,151
149,535,152
150,445,153
151,184,154
152,164,155
153,443,156
154,4,157
155,10,158
156,535,159
158,643,161
159,563,162
160,517,163
161,561,164
162,10,165
163,468,166
164,10,167
165,10,168
166,644,169
167,459,170
168,10,171
169,352,172
170,559,173
171,10,174
172,566,175
173,130,176
174,535,177
176,11,179
177,479,180
178,646,181
179,478,182
180,544,183
181,160,184
182,648,185
183,367,186
184,563,187
185,544,188
186,11,189
187,378,190
188,643,191
189,38,192
190,476,193
191,542,194
192,463,195
193,643,196
194,281,197
197,565,200
198,422,201
200,157,203
201,11,204
203,562,206
204,11,207
206,69,209
207,481,210
209,644,212
210,1,213
212,542,215
213,544,216
214,194,217
215,1,218
216,540,219
217,644,220
218,511,221
219,278,222
220,31,223
221,224,224
222,1,225
223,646,226
224,10,227
225,9,228
226,531,229
227,159,230
228,646,231
229,4,232
230,544,233
231,517,234
232,163,235
233,544,236
234,500,237
235,501,238
236,459,239
237,562,240
238,8,241
239,8,242
241,359,244
242,479,245
243,166,246
244,10,247
245,357,248
246,10,249
248,10,251
249,10,252
250,8,253
252,8,255
254,10,257
255,159,258
256,547,259
257,646,260
258,544,261
259,11,262
260,10,263
261,524,264
262,541,265
263,544,266
264,9,267
265,22,268
266,542,269
267,55,270
268,488,271
269,488,272
270,353,273
272,644,275
273,3,276
274,10,277
275,563,278
276,643,279
278,1,281
279,160,282
280,1,283
281,151,284
282,1,285
283,11,286
286,561,289
287,444,290
288,515,291
289,10,292
290,4,293
291,20,294
292,10,295
293,10,296
294,201,297
295,539,298
296,10,299
297,159,300
298,11,301
299,11,302
300,363,303
301,227,304
303,445,306
304,151,307
305,645,308
306,100,309
307,542,310
308,542,311
309,542,312
310,643,313
311,165,314
312,10,315
314,48,317
315,47,318
316,565,319
317,371,320
318,427,321
319,37,322
321,158,324
322,643,325
323,643,326
324,376,327
325,565,328
326,563,329
327,11,330
328,266,331
329,7,332
331,38,334
332,556,335
333,10,336
334,356,337
335,368,338
336,11,339
337,1,340
338,159,341
339,355,342
341,643,344
342,648,345
343,643,346
344,479,347
345,141,348
346,521,349
347,38,350
348,38,351
349,479,352
352,10,355
353,11,356
354,11,357
356,643,359
357,646,360
358,561,361
359,160,362
360,1,363
361,1,364
362,7,365
363,517,366
364,559,367
365,23,368
366,38,369
367,645,370
368,644,371
369,518,372
370,223,373
371,375,374
372,559,375
373,57,376
374,1,377
375,646,378
377,10,380
378,9,381
379,98,382
380,140,383
381,1,384
382,141,385
384,643,387
385,646,388
386,648,389
387,362,390
388,3,391
389,562,392
390,11,393
391,646,394
392,122,395
395,354,398
396,10,399
397,535,400
399,9,402
400,3,403
401,1,404
402,366,405
403,643,406
404,147,407
405,646,408
406,8,409
408,135,411
409,565,412
410,370,413
411,4,414
412,201,415
414,1,417
416,8,419
418,1,421
420,8,423
421,11,424
422,1,425
423,467,426
424,10,427
425,62,428
426,10,429
427,10,430
428,10,431
430,8,433
431,121,434
432,445,435
433,141,436
434,646,437
435,1,438
436,557,439
437,1,440
438,9,441
439,1,442
441,38,444
442,1,445
443,38,446
445,10,448
446,121,449
447,1,450
448,1,451
449,554,452
450,8,453
451,298,454
452,1,455
453,10,456
455,50,458
456,563,459
457,563,460
458,409,461
459,129,462
460,1,463
462,3,465
463,11,466
464,121,467
465,556,468
466,556,469
467,538,470
468,567,471
469,1,472
470,357,473
471,357,474
472,544,475
473,1,476
474,38,477
475,164,478
476,148,479
477,121,480
478,47,481
481,3,485
482,1,486
483,1,487
484,1,488
487,1,491
488,1,492
489,235,493
490,152,494
490,153,495
491,11,496
493,3,498
494,47,499
495,1,500
496,1,501
497,3,502
498,11,503
498,427,504
499,3,505
500,1,506
501,1,507
502,1,508
504,3,510
505,222,511
506,8,512
507,11,513
508,8,514
511,8,517
512,298,518
513,1,519
514,536,520
516,1,522
517,1,523
520,1,528
522,565,530
523,542,531
524,542,532
525,422,533
526,251,534
527,1,535
529,556,537
530,1,538
531,1,539
533,10,541
534,1,542
535,1,543
536,1,544
537,1,545
538,1,546
539,1,547
541,82,549
542,298,550
543,1,551
544,484,552
545,202,553
546,92,554
547,1,555
548,329,556
549,472,557
550,1,558
551,3,559
552,251,560
553,191,561
554,317,562
555,82,563
556,1,564
557,1,565
558,1,566
559,1,567
560,156,568
563,1,571
564,79,572
565,508,573
566,50,574
567,53,575
568,3,576
572,167,580
573,16,581
578,563,586
579,517,587
580,1,588
581,1,589
582,1,590
583,1,591
584,1,592
585,1,593
586,541,594
587,1,595
588,11,596
589,11,597
590,1,598
591,141,599
592,1,600
593,50,601
594,503,602
595,1,603
598,1,606
599,141,607
600,3,608
602,1,610
603,1,611
604,1,612
605,31,613
606,1,614
607,1,615
610,354,618
612,1,620
613,101,621
614,53,622
615,549,623
616,1,624
617,330,625
618,1,626
619,1,627
620,515,628
621,1,629
622,535,630
623,1,631
624,1,632
625,1,633
626,84,634
627,500,635
629,1,637
630,544,638
632,565,640
633,465,641
634,1,642
638,1,646
639,1,647
640,20,648
641,1,649
642,1,650
644,1,652
645,455,653
646,50,654
647,1,655
648,1,656
649,1,657
650,467,658
651,3,659
652,33,660
653,82,661
655,1,663
657,38,665
658,10,666
659,84,667
660,38,668
662,455,670
663,47,671
664,50,672
665,559,673
666,615,674
667,648,675
668,501,676
669,351,677
670,1,678
672,1,680
673,1,681
673,489,682
675,53,684
676,19,685
677,332,686
678,513,687
680,191,689
681,55,690
682,110,691
683,1,692
684,209,693
685,562,694
686,289,695
686,386,696
687,1,697
688,1,698
689,10,699
690,234,700
691,544,701
692,1,702
693,1,703
694,363,704
695,1,705
697,422,707
698,10,708
699,129,709
700,269,710
701,1,711
702,648,712
703,1,713
704,1,714
705,1,715
706,93,716
707,164,717
708,38,718
709,1,719
710,535,720
711,553,721
712,557,722
713,156,723
714,1,724
715,528,725
716,1,726
717,433,727
718,1,728
719,1,729
720,279,730
721,1,731
721,489,732
723,1,735
724,28,736
725,1,737
726,1,738
727,1,739
728,38,740
730,1,742
731,1,743
732,1,744
733,1,745
734,1,746
735,129,747
736,433,748
737,1,749
739,1,751
741,31,753
743,38,755
744,1,756
745,371,757
746,544,758
747,1,759
748,38,760
749,196,761
750,20,762
752,194,764
753,547,765
754,547,766
755,109,767
756,119,768
760,1,773
761,1,774
762,3,775
763,8,776
764,1,777
765,1,778
766,1,779
767,210,780
769,246,782
770,1,783
771,1,784
772,203,785
773,31,786
774,16,787
775,554,788
778,222,791
779,1,792
780,1,793
781,1,794
782,1,795
783,38,796
784,38,797
786,332,799
787,503,800
788,1,801
789,1,802
791,9,804
791,11,805
793,31,807
794,129,808
795,422,809
796,2,810
797,561,811
798,1,812
799,358,813
800,359,814
801,21,815
802,21,816
803,1,817
807,3,821
808,516,822
809,245,823
810,1,824
811,566,825
813,455,827
814,71,828
815,65,829
816,177,830
817,478,831
819,1,833
820,1,834
821,141,835
824,178,838
825,442,839
827,544,842
828,11,843
829,565,844
830,565,845
831,542,846
833,422,849
834,268,850
835,268,851
836,121,852
837,121,853
838,556,854
839,1,855
840,1,856
841,499,857
842,1,858
843,1,859
844,1,860
845,154,861
846,1,862
847,148,863
850,1,866
851,117,867
852,159,868
853,509,869
854,10,870
855,281,871
856,50,872
857,1,873
858,1,874
859,1,875
861,1,877
862,84,878
863,1,879
864,47,880
865,65,881
866,270,882
867,1,883
868,524,884
869,121,885
870,121,886
871,282,887
872,1,888
873,232,889
874,313,890
875,1,891
877,1,893
877,436,894
878,1,895
879,1,896
880,1,897
882,210,899
883,1,900
884,2,901
886,553,903
887,534,904
888,25,905
889,102,906
890,422,907
891,62,908
892,2,909
893,1,910
896,245,913
897,22,914
898,318,915
900,646,917
901,446,918
902,90,919
903,488,920
904,317,921
905,1,922
906,8,923
907,1,924
910,276,927
911,535,928
912,1,929
913,1,930
914,485,931
915,1,932
917,47,934
918,8,935
919,542,936
920,422,937
921,406,938
922,534,939
924,1,941
925,31,942
926,127,943
927,563,944
928,1,945
929,82,946
930,236,947
931,377,948
932,4,949
933,303,950
934,142,951
935,11,952
936,470,953
937,50,954
939,1,956
940,563,957
941,1,958
943,646,960
944,69,961
945,269,962
946,16,963
947,1,964
948,1,965
949,47,966
950,1,967
951,38,968
952,1,969
953,542,970
954,156,971
955,563,972
957,1,974
958,1,975
959,1,976
960,33,977
961,544,978
962,1,979
963,563,980
964,1,981
966,317,983
967,356,984
968,1,985
969,9,986
970,134,987
971,279,988
973,330,990
974,1,991
976,1,993
977,38,994
978,55,995
979,1,996
981,62,998
982,1,999
983,501,1000
984,363,1001
985,1,1002
986,1,1003
987,95,1004
988,96,1005
989,97,1006
991,205,1008
992,1,1009
993,1,1010
994,567,1011
995,562,1012
996,1,1013
998,1,1015
999,1,1016
1000,1,1017
1001,3,1018
1002,406,1019
1003,1,1020
1004,501,1021
1005,154,1022
1006,121,1023
1007,1,1024
1008,559,1025
1009,84,1026
1010,1,1027
1011,163,1028
1012,55,1029
1014,601,1031
1015,1,1032
1016,1,1033
1018,1,1035
1019,1,1036
1019,277,1037
1020,478,1038
1021,4,1039
1022,1,1040
1023,505,1041
1024,1,1042
1025,139,1043
1028,8,1046
1029,31,1047
1031,136,1049
1032,542,1050
1033,1,1051
1034,100,1052
1035,1,1053
1036,515,1054
1037,515,1055
1039,535,1057
1041,455,1059
1042,310,1060
1044,421,1062
1045,1,1063
1046,1,1064
1048,103,1066
1049,106,1067
1050,47,1068
1051,646,1069
1051,494,1070
1052,646,1071
1053,124,1072
1054,446,1073
1055,8,1074
1056,540,1075
1057,572,1076
1058,225,1077
1059,279,1078
1060,370,1079
1061,1,1080
1062,1,1081
1064,1,1083
1065,1,1084
1066,1,1085
1067,483,1086
1068,1,1087
1069,517,1088
1070,1,1089
1071,643,1090
1072,446,1091
1073,535,1092
1074,38,1093
1075,457,1094
1076,94,1095
1077,1,1096
1078,150,1097
1079,1,1098
1080,1,1099
1081,425,1100
1083,1,1102
1084,159,1103
1086,445,1105
1087,147,1106
1088,10,1107
1089,1,1108
1090,1,1109
1091,1,1110
1092,228,1111
1093,1,1112
1094,36,1113
1097,1,1116
1098,1,1117
1099,1,1118
1100,1,1119
1101,1,1120
1103,1,1122
1104,1,1123
1105,198,1124
1106,467,1125
1107,1,1126
1108,477,1127
1110,246,1129
1111,493,1130
1113,1,1132
1114,485,1133
1115,1,1134
1118,446,1137
1119,4,1138
1120,1,1139
1122,146,1141
1123,354,1142
1124,1,1143
1125,648,1144
1126,44,1145
1128,540,1147
1129,521,1148
1130,300,1149
1131,269,1150
1132,61,1151
1133,142,1152
1134,117,1153
1135,367,1154
1136,500,1155
1138,361,1157
1140,1,1159
1142,1,1161
1143,501,1162
1144,1,1163
1145,146,1164
1146,1,1165
1147,1,1166
1148,121,1167
1149,1,1168
1150,38,1169
1151,38,1170
1152,544,1171
1153,1,1172
1154,1,1173
1157,210,1176
1158,163,1177
1159,524,1178
1162,1,1181
1163,310,1182
1164,152,1183
1164,153,1184
1165,531,1185
1166,31,1186
1168,1,1188
1169,443,1189
1170,1,1190
1171,1,1191
1172,1,1192
1173,458,1193
1174,1,1194
1175,222,1195
1176,117,1196
1177,357,1197
1178,443,1198
1179,1,1199
1180,239,1200
1181,446,1201
1182,1,1202
1183,117,1203
1184,540,1204
1185,317,1205
1186,1,1206
1187,78,1207
1188,479,1208
1190,1,1210
1191,528,1211
1192,8,1212
1193,477,1213
1194,1,1214
1195,485,1215
1196,1,1216
1197,82,1217
1198,562,1218
1199,1,1219
1200,1,1220
1201,540,1221
1202,421,1222
1203,1,1223
1207,1,1227
1208,1,1228
1209,1,1229
1211,541,1231
1212,1,1232
1213,8,1233
1214,648,1234
1215,515,1235
1216,1,1236
1217,3,1237
1218,446,1238
1219,156,1239
1220,1,1240
1221,457,1241
1222,446,1242
1226,207,1246
1227,298,1247
1228,8,1248
1229,1,1249
1230,564,1250
1232,1,1252
1233,1,1253
1235,129,1255
1236,129,1256
1237,1,1257
1238,1,1258
1239,12,1259
1240,1,1260
1241,1,1261
1242,1,1262
1243,127,1263
1244,1,1264
1245,1,1265
1246,1,1266
1248,205,1268
1249,163,1269
1252,167,1272
1253,113,1273
1254,1,1274
1255,478,1275
1256,1,1276
1257,224,1277
1259,15,1279
1260,370,1280
1261,1,1281
1262,1,1282
1263,1,1283
1263,449,1284
1264,8,1285
1265,1,1286
1267,82,1288
1268,317,1289
1269,332,1290
1270,156,1291
1271,11,1292
1272,457,1293
1273,1,1294
1274,1,1295
1275,1,1296
1280,1,1302
1281,117,1303
1282,16,1304
1283,1,1305
1285,50,1307
1286,549,1308
1288,38,1310
1289,1,1311
1290,143,1312
1291,1,1313
1294,82,1316
1295,298,1317
1297,1,1319
1298,535,1320
1299,152,1321
1299,153,1322
1300,1,1323
1301,66,1324
1302,152,1325
1302,153,1326
1304,315,1328
1305,1,1329
1306,1,1330
1307,156,1331
1308,1,1332
1309,517,1333
1310,11,1334
1311,1,1335
1312,1,1336
1313,1,1337
1314,1,1338
1316,478,1340
1317,521,1341
1318,1,1342
1319,1,1343
1321,1,1345
1322,1,1346
1323,1,1347
1324,33,1348
1325,371,1349
1326,318,1350
1327,1,1351
1328,121,1352
1329,401,1353
1330,38,1354
1331,8,1355
1331,12,1356
1332,1,1357
1333,282,1358
1335,542,1360
1336,1,1361
1337,1,1362
1338,149,1363
1340,111,1366
1341,512,1367
1342,141,1368
1345,1,1371
1346,38,1372
1347,185,1373
1348,317,1374
1349,371,1375
1351,1,1377
1352,257,1378
1353,648,1379
1354,455,1380
1355,509,1381
1356,1,1382
1358,4,1384
1361,50,1387
1364,566,1390
1365,63,1391
1366,10,1392
1367,5,1393
1367,8,1394
1368,479,1395
1370,1,1397
1371,163,1398
1372,317,1399
1373,1,1400
1374,1,1401
1375,1,1402
1377,1,1404
1378,1,1405
1379,1,1406
1381,1,1408
1382,326,1409
1383,378,1410
1384,179,1411
1385,485,1412
1387,50,1414
1388,513,1415
1389,98,1416
1390,246,1417
1391,38,1418
1392,1,1419
1393,370,1420
1394,468,1421
1395,446,1422
1396,365,1423
1397,2,1424
1398,535,1425
1399,82,1426
1400,378,1427
1402,119,1429
1403,10,1430
1404,1,1431
1405,38,1432
1406,447,1433
1407,1,1434
1408,1,1435
1409,1,1436
1411,366,1438
1412,564,1439
1413,1,1440
1414,1,1441
1415,3,1442
1416,1,1443
1418,11,1445
1419,47,1446
1420,1,1447
1421,472,1448
1422,82,1449
1424,422,1451
1425,10,1452
1426,130,1453
1427,3,1454
1428,1,1455
1429,1,1456
1430,1,1457
1430,449,1458
1432,1,1460
1433,1,1461
1434,3,1462
1436,8,1464
1437,1,1465
1438,288,1466
1440,572,1468
1441,1,1469
1443,1,1471
1444,1,1472
1445,477,1473
1446,1,1474
1447,473,1475
1448,544,1476
1449,245,1477
1451,287,1479
1451,385,1480
1452,1,1481
1455,1,1484
1456,53,1485
1457,1,1486
1458,485,1487
1459,1,1488
1461,1,1490
1461,244,1491
1462,1,1492
1463,535,1493
1464,455,1494
1465,455,1495
1466,3,1496
1466,8,1497
1467,305,1498
1468,3,1499
1469,375,1500
1470,1,1501
1471,1,1502
1472,28,1503
1473,1,1504
1475,363,1506
1476,1,1507
1477,1,1508
1478,1,1509
1479,501,1510
1480,542,1511
1481,565,1512
1482,499,1513
1483,1,1514
1484,38,1515
1485,1,1516
1486,2,1517
1487,2,1518
1488,12,1519
1489,1,1520
1490,156,1521
1491,156,1522
1492,1,1523
1493,38,1524
1494,1,1525
1495,11,1526
1496,1,1527
1497,1,1528
1498,564,1529
1499,1,1530
1500,483,1531
1502,1,1533
1503,1,1534
1504,1,1535
1505,1,1536
1506,16,1537
1507,207,1538
1508,1,1539
1509,1,1540
1510,4,1541
1511,151,1542
1512,1,1543
1513,1,1544
1514,125,1545
1515,567,1546
1516,646,1547
1517,3,1548
1518,513,1549
1519,551,1550
1520,559,1551
1521,1,1552
1522,1,1553
1523,1,1554
1524,12,1555
1525,21,1556
1526,1,1557
1527,38,1558
1528,125,1559
1529,1,1560
1530,517,1561
1531,8,1562
1533,1,1564
1534,1,1565
1535,1,1566
1536,1,1567
1538,1,1570
1539,1,1571
1540,2,1572
1540,9,1573
1540,11,1574
1541,1,1575
1542,1,1576
1543,1,1577
1544,479,1578
1545,542,1579
1546,1,1580
1547,1,1581
1548,1,1582
1549,446,1583
1550,446,1584
1551,1,1585
1552,549,1586
1553,315,1587
1554,1,1588
1556,141,1590
1557,1,1591
1558,225,1592
1559,1,1593
1560,1,1594
1561,11,1595
1562,1,1596
1563,648,1597
1564,1,1598
1565,201,1599
1566,1,1600
1567,351,1601
1568,1,1602
1569,1,1603
1570,458,1604
1571,549,1605
1572,8,1606
1572,12,1607
1573,544,1608
1574,3,1609
1575,1,1610
1576,12,1611
1577,1,1612
1577,489,1613
1578,1,1614
1579,1,1615
1580,31,1616
1581,1,1617
1582,1,1618
1583,1,1619
1584,541,1620
1585,1,1621
1586,1,1622
1587,355,1623
1588,1,1624
1589,1,1625
1590,1,1626
1592,469,1628
1593,50,1629
1594,485,1630
1596,1,1632
1597,11,1633
1598,1,1634
1599,508,1635
1600,205,1636
1601,129,1637
1605,10,1641
1606,10,1642
1607,38,1643
1608,11,1644
1609,1,1645
1610,135,1646
1611,1,1647
1614,10,1650
1615,47,1651
1619,8,1655
1620,1,1656
1621,1,1657
1623,1,1659
1624,377,1660
1625,3,1661
1628,53,1664
1629,534,1665
1630,646,1666
1631,11,1667
1632,445,1668
1633,538,1669
1634,38,1670
1635,7,1671
1636,7,1672
1637,1,1673
1638,1,1674
1639,1,1675
1640,38,1676
1641,1,1677
1642,565,1678
1643,182,1679
1644,183,1680
1645,462,1681
1646,1,1682
1647,1,1683
1648,1,1684
1649,1,1685
1651,1,1687
1652,84,1688
1653,100,1689
1654,1,1690
1655,173,1691
1656,601,1692
1657,156,1693
1658,160,1694
1659,1,1695
1661,507,1697
1662,517,1698
1665,141,1701
1666,8,1702
1667,1,1703
1668,48,1704
1670,1,1706
1671,50,1707
1672,25,1708
1673,1,1709
1675,1,1711
1676,1,1712
1677,544,1713
1678,168,1714
1679,299,1715
1680,1,1716
1681,574,1717
1682,563,1718
1683,535,1719
1685,1,1721
1686,8,1722
1687,422,1723
1689,1,1725
1690,375,1726
1691,55,1727
1693,542,1729
1694,542,1730
1695,1,1731
1696,544,1732
1697,507,1733
1700,646,1736
1701,11,1737
1702,189,1738
1703,1,1739
1704,553,1740
1705,101,1741
1706,1,1742
1707,208,1743
1709,455,1745
1710,164,1746
1711,1,1747
1712,205,1748
1713,1,1749
1714,34,1750
1715,1,1751
1716,4,1752
1717,644,1753
1718,176,1754
1719,521,1755
1720,519,1756
1721,445,1757
1722,1,1758
1723,364,1759
1724,1,1760
1725,1,1761
1726,1,1762
1728,547,1764
1730,1,1766
1731,1,1767
1733,45,1769
1734,82,1770
1735,360,1771
1736,1,1772
1737,1,1773
1738,27,1774
1740,120,1776
1741,62,1777
1742,459,1778
1743,94,1779
1744,1,1780
1745,65,1781
1746,286,1782
1747,486,1783
1748,542,1784
1749,535,1785
1750,508,1786
1751,372,1787
1752,1,1788
1753,1,1789
1754,33,1790
1755,501,1791
1756,1,1792
1757,1,1793
1758,1,1794
1759,1,1795
1760,303,1796
3520,1,3580
3521,601,3581
3522,130,3582
3523,1,3583
3524,601,3584
3525,1028,3585
3526,516,3586
3527,601,3587
3528,1,3588
3529,1,3589
3530,1,3590
3533,391,3593
3540,601,3599
3542,12,3601
3543,1,3602
3544,223,3603
3545,294,3604
3546,546,3605
3548,152,3607
3548,153,3608
3549,143,3609
3552,477,3612
3553,11,3613
3554,432,3614
3555,256,3615
3556,268,3616
3557,601,3617
3558,349,3618
3559,345,3619
3560,601,3620
3561,601,3621
3562,517,3622
3563,1,3623
3564,601,3624
3565,601,3625
3566,601,3626
3567,601,3627
3568,1,3628
3569,1,3629
3570,1,3630
3571,1,3631
3572,220,3632
3573,404,3633
3574,1,3634
3576,222,3637
3577,118,3638
3578,1,3639
3579,172,3640
3580,1,3641
3581,432,3642
3582,261,3643
3583,8,3644
3584,493,3645
3585,601,3646
3586,1,3647
3587,1,3648
3588,50,3649
3589,1,3650
3590,601,3651
3591,601,3652
3592,601,3653
3593,1,3654
3594,601,3655
3595,1,3656
3596,541,3657
3597,1,3658
3598,601,3659
3599,601,3660
3600,601,3661
3601,601,3662
3602,601,3663
3603,484,3664
3604,508,3665
3605,601,3666
3606,601,3667
3607,404,3668
3608,404,3669
3609,1,3670
3610,601,3671
3611,214,3672
3612,1,3673
3613,429,3674
3614,601,3675
3615,601,3676
3616,215,3677
3617,301,3678
3618,601,3679
3619,1,3680
3620,1,3681
3621,1,3682
3622,1,3683
3623,82,3684
3624,1,3685
3626,341,3687
3627,214,3688
3628,393,3689
3629,601,3690
3630,212,3691
3631,1,3692
3632,601,3693
3633,1,3694
3634,1,3695
3635,570,3696
3636,601,3697
3637,1,3698
3638,601,3699
3639,601,3700
3640,1,3701
3641,1,3702
3642,1,3703
3643,1,3704
3644,1,3705
3645,601,3706
3646,601,3707
3647,601,3708
3648,601,3709
3649,1,3710
3650,1,3711
3651,1,3712
3652,1,3713
3653,1,3714
3654,396,3715
3654,498,3716
3655,1,3717
3656,1,3718
3657,1,3719
3658,601,3720
3659,1,3721
3660,331,3722
3661,1,3723
3662,1,3724
3663,1,3725
3664,601,3726
3665,601,3727
3666,326,3728
3667,1,3729
3668,1,3730
3669,566,3731
3670,426,3732
3671,643,3733
3672,459,3734
3673,542,3735
3674,303,3736
3675,253,3737
3676,151,3738
3677,203,3739
3678,1,3740
3679,38,3741
3680,601,3742
3681,601,3743
3682,601,3744
3683,337,3745
3684,601,3746
3685,601,3747
3686,1,3748
3688,1104,3750
3689,1,3751
3690,327,3752
3691,1,3753
3692,1,3754
3693,601,3755
3694,601,3756
3695,601,3757
3696,601,3758
3697,601,3759
3698,601,3760
3699,337,3761
3700,319,3762
3701,1,3763
3702,235,3764
3703,253,3765
3704,573,3766
3705,570,3767
3706,547,3768
3707,486,3769
3708,544,3770
3709,250,3771
3710,431,3772
3711,1,3773
3712,601,3774
3713,1,3775
3714,1,3776
3715,601,3777
3716,1,3778
3717,1,3779
3718,1,3780
3719,1,3781
3720,246,3782
3721,390,3783
3722,1,3784
3723,382,3785
3724,479,3786
3725,1,3787
3726,341,3788
3727,1,3789
3729,338,3790
3730,601,3791
3731,601,3792
3732,601,3793
3733,601,3794
3734,1,3795
3735,601,3796
3737,4,3798
3738,511,3799
3743,542,3804
3744,445,3805
3745,1,3806
3746,531,3807
3748,137,3809
3749,1,3810
3752,601,3813
3753,601,3814
3754,1,3815
3755,1,3816
3756,350,3817
3757,601,3818
3758,405,3819
3759,405,3820
3760,601,3821
3761,217,3822
3762,601,3823
3763,544,3824
3764,1,3825
3765,601,3826
3766,601,3827
3767,601,3828
3768,404,3829
3769,571,3830
3770,601,3831
3771,601,3832
3772,601,3833
3773,1,3834
3774,1,3835
3775,263,3836
3776,1,3837
3777,1,3838
3778,151,3839
3781,1,3842
3782,315,3843
3783,259,3844
3784,479,3845
3785,570,3846
3786,542,3847
3787,551,3848
3788,121,3849
3789,516,3850
3790,559,3851
3791,547,3852
3792,1,3853
3793,1,3854
3794,1,3855
3795,365,3856
3796,483,3857
3797,300,3858
3798,82,3859
3799,16,3860
3800,1,3861
3801,315,3862
3802,391,3863
3803,1,3864
3804,15,3865
3805,601,3866
3806,601,3867
3807,490,3868
3808,1,3869
3809,601,3870
3810,342,3871
3811,451,3872
3812,321,3873
3813,1,3874
3814,601,3875
3815,1,3876
3816,1,3877
3817,1,3878
3819,289,3880
3819,386,3881
3820,118,3882
3821,478,3883
3822,478,3884
3824,12,3886
3825,1,3887
3827,1,3889
3828,1,3890
3829,1,3891
3830,1028,3892
3831,1028,3893
3832,1,3894
3833,1,3895
3834,465,3896
3835,601,3897
3836,1,3898
3837,420,3899
3838,350,3900
3839,609,3901
3840,1,3902
3841,1,3903
3842,601,3904
3843,346,3905
3844,1,3906
3845,1,3907
3846,1,3908
3847,554,3909
3848,601,3910
3849,459,3911
3851,268,3913
3855,1,3917
3857,1,3919
3858,1,3920
3859,218,3921
3860,601,3922
3861,159,3923
3862,601,3924
3863,76,3925
3864,1,3926
3865,601,3927
3866,1,3928
3867,601,3929
3868,483,3930
3869,601,3931
3870,314,3932
3871,1,3933
3872,601,3934
3873,1,3935
3874,467,3936
3875,1,3937
3876,139,3938
3877,1,3939
3878,601,3940
3879,601,3941
3880,325,3942
3882,524,3944
3883,13,3945
3884,540,3946
3885,1,3947
3887,1,3949
3889,412,3951
3890,363,3952
3891,601,3953
3892,598,3954
3893,441,3955
3894,601,3956
3895,383,3957
3896,283,3958
3897,221,3959
3898,601,3960
3899,38,3961
3900,1,3962
3902,601,3963
3903,1,3964
3904,301,3965
3905,1,3966
3906,38,3967
3907,601,3968
3908,601,3969
3909,38,3970
3910,1,3971
3911,601,3972
3912,601,3973
3913,554,3974
3914,281,3975
3915,601,3976
3916,1,3977
3917,405,3978
3918,601,3979
3919,601,3980
3920,1,3981
3921,89,3982
3922,1,3983
3923,38,3984
3924,35,3985
3925,1,3986
3926,601,3987
3927,213,3988
3928,601,3989
3929,1,3990
3930,1,3991
3931,1,3992
3932,77,3993
3933,1,3994
3934,503,3995
3935,601,3996
3936,601,3997
3937,1,3998
3938,417,3999
3939,260,4000
3940,1,4001
3941,601,4002
3942,403,4003
3943,601,4004
3944,47,4005
3945,567,4006
3946,601,4007
3947,601,4008
3948,1,4009
3949,1,4010
3950,1,4011
3951,151,4012
3952,1,4013
3953,1,4014
3954,603,4015
3955,1,4016
3956,1,4017
3957,468,4018
3958,1,4019
3959,609,4020
3960,410,4021
3961,418,4022
3962,601,4023
3963,601,4024
3964,420,4025
3965,1,4026
3966,1,4027
3967,541,4028
3968,1,4029
3969,439,4030
3970,601,4031
3971,601,4032
3972,1,4033
3973,1,4034
3974,54,4035
3975,84,4036
3976,601,4037
3977,6,4038
3978,394,4039
3979,1,4040
3980,1,4041
3981,601,4042
3982,1,4043
3983,1,4044
3984,565,4045
3985,1,4046
3986,601,4047
3987,1,4048
3988,283,4049
3989,395,4050
3990,601,4051
3991,1,4052
3992,1,4053
3993,9,4054
3994,240,4055
3995,1,4056
3996,601,4057
3997,1,4058
3998,601,4059
3999,1,4060
4000,1,4061
4001,508,4062
4002,565,4063
4003,601,4064
4005,451,4066
4006,264,4067
4007,1147,4068
4008,1,4069
4009,1,4070
4010,1,4071
4011,1,4072
4012,601,4073
4013,1,4074
4014,601,4075
4015,1,4076
4016,1,4077
4017,1,4078
4018,1,4079
4019,1,4080
4020,415,4081
4021,384,4082
4022,549,4083
4023,345,4084
4025,219,4085
4026,1,4086
4027,1,4087
4028,601,4088
4029,601,4089
4030,137,4090
4031,1,4091
4032,1,4092
4033,1,4093
4034,1,4094
4035,1,4095
4036,644,4096
4037,601,4097
4038,1,4098
4039,1,4099
4040,1,4100
4041,601,4101
4042,601,4102
4043,601,4103
4044,563,4104
4045,38,4105
4046,1,4106
4047,1,4107
4048,601,4108
4049,1,4109
4050,1,4110
4051,601,4111
4052,72,4112
4053,1,4113
4054,1,4114
4055,601,4115
4056,601,4116
4057,601,4117
4058,601,4118
4059,1,4119
4060,1,4120
4064,1,4124
4065,1,4125
4066,1,4126
4067,601,4127
4068,601,4128
4069,1,4129
4070,601,4130
4071,601,4131
4072,588,4132
4073,542,4133
4074,330,4134
4075,327,4135
4076,556,4136
4077,1,4137
4078,1,4138
4079,1,4139
4080,1,4140
4081,1,4141
4082,1,4142
4083,1,4143
4084,389,4144
4085,1,4145
4086,1,4146
4087,38,4147
4088,1,4148
4089,1,4149
4090,601,4150
4091,601,4151
4092,601,4152
4093,601,4153
4094,601,4154
4095,611,4155
4096,507,4156
4097,601,4157
4098,507,4158
4099,1,4159
4100,528,4160
4101,528,4161
4102,1,4162
4103,1,4163
4104,1,4164
4105,1,4165
4106,1,4166
4107,1,4167
4108,1,4168
4109,1,4169
4110,1,4170
4111,1,4171
4112,1,4172
4113,50,4173
4114,1,4174
4115,1,4175
4116,601,4176
4117,1,4177
4118,1,4178
4119,1,4179
4120,1,4180
4121,1,4181
4122,601,4182
4123,283,4183
4124,450,4184
4125,601,4185
4127,601,4187
4128,1,4188
4129,601,4189
4130,508,4190
4131,1,4191
4132,601,4192
4133,341,4193
4134,1,4194
4135,1,4195
4136,1,4196
4137,471,4197
4138,412,4198
4139,1,4199
4140,1,4200
4141,601,4201
4142,1,4202
4143,392,4203
4144,1,4204
4145,1,4205
4146,601,4206
4147,1,4207
4148,1,4208
4149,1,4209
4150,1,4210
4151,1,4211
4152,601,4212
4153,22,4213
4154,528,4214
4155,132,4215
4156,601,4216
4157,565,4217
4158,1,4218
4159,1,4219
4160,559,4220
4161,601,4221
4162,601,4222
4163,59,4223
4164,1,4224
4165,1,4225
4166,47,4226
4167,1,4227
4168,601,4228
4169,15,4229
4170,559,4230
4171,1,4231
4172,601,4232
4173,601,4233
4174,601,4234
4175,607,4235
4176,601,4236
4177,34,4237
4178,601,4238
4179,601,4239
4180,601,4240
4181,601,4241
4182,1,4242
4183,601,4243
4184,601,4244
4185,1,4245
4186,284,4246
4187,136,4247
4188,1,4248
4189,1,4249
4190,307,4250
4191,601,4251
4192,601,4252
4193,601,4253
4194,542,4254
4195,1,4255
4196,1,4256
4197,415,4257
4198,336,4258
4199,1,4259
4200,601,4260
4201,601,4261
4202,389,4262
4203,429,4263
4204,1,4264
4205,10,4265
4206,601,4266
4207,290,4267
4208,601,4268
4209,1,4269
4210,601,4270
4211,601,4271
4212,479,4272
4213,601,4273
4214,601,4274
4216,1,4276
4217,649,4277
4218,601,4278
4219,601,4279
4220,601,4280
4221,1,4281
4222,1,4282
4223,601,4283
4224,1,4284
4225,1,4285
4226,1,4286
4227,601,4287
4228,1,4288
4229,1,4289
4230,601,4290
4231,601,4291
4232,1,4292
4233,601,4293
4234,1,4294
4235,1,4295
4236,601,4296
4237,601,4297
4238,601,4298
4239,1,4299
4240,1,4300
4241,1,4301
4242,601,4302
4243,409,4303
4244,567,4304
4245,293,4305
4246,1,4306
4247,1,4307
4248,302,4308
4249,390,4309
4250,601,4310
4251,1,4311
4252,601,4312
4253,431,4313
4254,391,4314
4255,216,4315
4256,601,4316
4257,1,4317
4258,601,4318
4259,1,4319
4260,547,4320
4261,1,4321
4262,601,4322
4263,333,4323
4264,601,4324
4265,601,4325
4266,601,4326
4267,1,4327
4268,601,4328
4269,601,4329
4270,601,4330
4271,601,4331
4272,601,4332
4273,1,4333
4274,601,4334
4275,601,4335
4276,50,4336
4277,601,4337
4278,1,4338
4279,1,4339
4280,601,4340
4281,601,4341
4282,149,4342
4283,1,4343
4284,1,4344
4285,601,4345
4286,601,4346
4287,1,4347
4288,435,4348
4289,351,4349
4290,1,4350
4291,1,4351
4292,554,4352
4293,260,4353
4294,1,4354
4295,82,4355
4296,1,4356
4297,1,4357
4298,607,4358
4299,1,4359
4300,601,4360
4301,1,4361
4302,601,4362
4303,601,4363
4304,254,4364
4305,77,4365
4306,82,4366
4307,1,4367
4308,1,4368
4309,601,4369
4310,601,4370
4311,601,4371
4312,486,4372
4313,1,4373
4314,1,4374
4315,333,4375
4316,430,4376
4317,550,4377
4318,1,4378
4319,203,4379
4320,1,4380
4321,283,4381
4322,435,4382
4323,1,4383
4324,601,4384
4325,601,4385
4326,601,4386
4327,601,4387
4328,583,4388
4329,601,4389
4330,601,4390
4331,351,4391
4332,573,4392
4333,601,4393
4334,601,4394
4335,601,4395
4336,601,4396
4337,1,4397
4338,1,4398
4339,1,4399
4340,601,4400
4341,601,4401
4342,601,4402
4343,601,4403
4344,601,4404
4345,601,4405
4346,554,4406
4347,1,4407
4348,601,4408
4349,1,4409
4350,1,4410
4351,1,4411
4352,1,4412
4353,601,4413
4354,554,4414
4355,345,4415
4356,601,4416
4357,601,4417
4358,554,4418
4359,1,4419
4360,1,4420
4361,1,4421
4362,498,4422
4363,601,4423
4364,55,4424
4365,1,4425
4366,500,4426
4367,1,4427
4368,1,4428
4369,1,4429
4370,1,4430
4371,1,4431
4372,1,4432
4373,601,4433
4374,1,4434
4375,325,4435
4376,601,4436
4377,403,4437
4378,1,4438
4379,1,4439
4380,1,4440
4381,284,4441
4382,601,4442
4383,1,4443
4384,601,4444
4385,1,4445
4386,319,4446
4387,601,4447
4388,339,4448
4389,1,4449
4390,15,4450
4391,1,4451
4392,601,4452
4393,601,4453
4394,1,4454
4395,1,4455
4396,351,4456
4397,1,4457
4398,601,4458
4399,1,4459
4400,601,4460
4401,1,4461
4402,1,4462
4403,601,4463
1761,31,1797
1762,544,1798
1763,535,1799
1764,127,1800
1765,1,1801
1766,1,1802
1767,1,1803
1768,542,1804
1769,1,1805
1770,3,1806
1772,127,1808
1773,363,1809
1774,499,1810
1775,50,1811
1776,1,1812
1777,377,1813
1778,1,1814
1779,194,1815
1780,542,1816
1781,9,1817
1782,422,1818
1784,1,1820
1785,1,1821
1786,11,1822
1787,159,1823
1788,276,1824
1789,53,1825
1792,646,1828
1793,530,1829
1794,547,1830
1795,1,1831
1796,3,1832
1797,158,1833
1798,97,1834
1799,104,1835
1800,107,1836
1801,1,1837
1802,62,1838
1803,1,1839
1805,1,1841
1807,1,1843
1809,50,1845
1811,1,1847
1812,1,1848
1813,89,1849
1814,1,1850
1815,448,1851
1816,1,1852
1817,1,1853
1818,210,1854
1820,1,1856
1821,351,1857
1822,540,1858
1823,125,1859
1824,125,1860
1825,125,1861
1826,125,1862
1827,425,1863
1828,376,1864
1829,540,1865
1830,445,1866
1831,648,1867
1832,1,1868
1833,90,1869
1834,1,1870
1835,1,1871
1836,90,1872
1837,160,1873
1838,38,1874
1839,27,1875
1841,9,1877
1842,11,1878
1842,310,1879
1843,226,1880
1845,646,1882
1846,11,1883
1847,1,1884
1848,1,1885
1849,1,1886
1850,158,1887
1851,298,1888
1852,1,1889
1854,38,1891
1855,1,1892
1856,115,1893
1857,8,1894
1858,252,1895
1861,555,1898
1862,1,1899
1863,414,1900
1864,556,1901
1865,380,1902
1866,1,1903
1867,300,1904
1868,300,1905
1869,1,1906
1870,1,1907
1872,11,1909
1874,152,1911
1874,153,1912
1875,1,1913
1878,154,1917
1879,11,1918
1880,1,1919
1881,1,1920
1882,433,1921
1883,1,1922
1884,50,1923
1885,1,1924
1886,1,1925
1887,1,1926
1888,1,1927
1889,1,1928
1890,509,1929
1891,566,1930
1892,3,1931
1893,541,1932
1894,1,1933
1895,505,1934
1896,478,1935
1897,1,1936
1898,1,1937
1901,503,1940
1902,286,1941
1903,1,1942
1904,1,1943
1905,445,1944
1906,1,1945
1907,298,1946
1909,1,1948
1910,1,1949
1911,456,1950
1912,1,1951
1913,648,1952
1914,125,1953
1915,508,1954
1916,542,1955
1917,511,1956
1918,422,1957
1920,119,1959
1921,507,1960
1922,11,1961
1923,11,1962
1924,317,1963
1925,8,1964
1926,163,1965
1927,8,1966
1928,1,1967
1929,28,1968
1930,8,1969
1931,479,1970
1932,479,1971
1933,125,1972
1934,286,1973
1935,3,1974
1936,1,1975
1938,479,1977
1939,197,1978
1940,1,1979
1941,125,1980
1943,1,1982
1944,455,1983
1945,455,1984
1946,252,1985
1947,1,1986
1948,11,1987
1949,1,1988
1950,318,1989
1952,1,1991
1953,502,1992
1954,544,1993
1955,8,1994
1957,1,1996
1958,1,1997
1959,1,1998
1960,1,1999
1962,9,2001
1962,156,2002
1963,1,2003
1964,145,2004
1965,1,2005
1966,150,2006
1967,1,2007
1968,1,2008
1969,1,2009
1970,129,2010
1971,141,2011
1972,38,2012
1973,1,2013
1974,4,2014
1975,106,2015
1976,4,2016
1978,8,2018
1980,95,2020
1981,194,2021
1982,1,2022
1983,8,2023
1984,239,2024
1985,10,2025
1986,1,2026
1987,1,2027
1988,1,2028
1989,8,2029
1990,1,2030
1991,547,2031
1992,479,2032
1994,38,2034
1995,1,2035
1996,1,2036
1997,11,2037
1998,163,2038
1999,163,2039
2001,1,2041
2002,1,2042
2003,563,2043
2004,1,2044
2005,1,2045
2006,1,2046
2007,310,2047
2008,1,2048
2009,1,2049
2010,222,2050
2011,1,2051
2012,522,2052
2013,9,2053
2014,511,2054
2016,1,2056
2018,1,2058
2020,170,2060
2021,84,2061
2022,544,2062
2023,71,2063
2024,535,2064
2025,518,2065
2026,565,2066
2028,31,2068
2029,1,2069
2031,546,2071
2032,11,2072
2033,139,2073
2034,1,2074
2035,515,2075
2036,1,2076
2037,175,2077
2038,1,2078
2039,8,2079
2040,549,2080
2042,1,2082
2043,1,2083
2044,3,2084
2045,648,2085
2046,1,2086
2047,3,2087
2048,119,2088
2049,559,2089
2051,2,2091
2052,33,2092
2053,542,2093
2054,31,2094
2055,1,2095
2056,1,2096
2057,105,2097
2059,553,2099
2060,163,2100
2061,1,2101
2062,1,2102
2063,28,2103
2064,229,2104
2065,1,2105
2066,68,2106
2067,373,2107
2068,4,2108
2069,125,2109
2070,544,2110
2071,38,2111
2073,1,2113
2074,1,2114
2075,541,2115
2076,1,2116
2077,1,2117
2078,524,2118
2079,103,2119
2080,459,2120
2081,516,2121
2083,562,2123
2085,55,2125
2086,38,2126
2087,485,2127
2088,27,2128
2089,446,2129
2090,1,2130
2091,544,2131
2092,94,2132
2093,279,2133
2094,53,2134
2095,446,2135
2096,299,2136
2098,553,2138
2099,194,2139
2100,66,2140
2101,1,2141
2102,1,2142
2103,603,2143
2106,257,2146
2107,1,2147
2108,7,2148
2111,1,2151
2112,1,2152
2113,515,2153
2114,1,2154
2115,305,2155
2116,510,2156
2117,501,2157
2118,4,2158
2119,544,2159
2120,534,2160
2121,406,2161
2123,524,2163
2125,156,2165
2126,1,2166
2127,1,2167
2128,2,2168
2129,1,2169
2130,194,2170
2131,535,2171
2132,22,2172
2133,520,2173
2134,1,2174
2135,1,2175
2136,8,2176
2137,549,2177
2138,1,2178
2139,50,2179
2140,1,2180
2141,1,2181
2143,90,2183
2144,11,2184
2145,1,2185
2147,269,2187
2148,255,2188
2149,412,2189
2150,258,2190
2151,550,2191
2152,143,2192
2153,256,2193
2154,50,2194
2155,4,2195
2156,150,2196
2157,1,2197
2158,539,2198
2159,446,2199
2160,3,2200
2161,129,2201
2162,121,2202
2163,103,2203
2164,129,2204
2165,149,2205
2166,231,2206
2169,8,2209
2170,1,2210
2171,1,2211
2172,1,2212
2173,1,2213
2174,1,2214
2175,1,2215
2176,227,2216
2177,101,2217
2178,108,2218
2179,119,2219
2180,222,2220
2181,236,2221
2182,156,2222
2183,1,2223
2184,445,2224
2185,1,2225
2186,360,2226
2187,82,2227
2188,82,2228
2189,1,2229
2190,547,2230
2191,1,2231
2192,479,2232
2193,84,2233
2194,542,2234
2195,516,2235
2196,8,2236
2196,12,2237
2197,180,2238
2199,105,2240
2200,446,2241
2201,8,2242
2202,3,2243
2203,1,2244
2204,22,2245
2205,426,2246
2207,421,2248
2209,38,2250
2210,267,2251
2211,2,2252
2212,549,2253
2213,119,2254
2215,194,2256
2216,459,2257
2217,1,2258
2218,83,2259
2220,38,2261
2221,1,2262
2221,244,2263
2222,1,2264
2223,1,2265
2224,117,2266
2225,141,2267
2226,289,2268
2226,386,2269
2227,456,2270
2228,1,2271
2230,1,2273
2231,99,2274
2232,567,2275
2233,648,2276
2234,38,2277
2237,423,2280
2238,353,2281
2239,310,2282
2240,1,2283
2240,449,2284
2241,318,2285
2242,1,2286
2243,8,2287
2244,279,2288
2245,1,2289
2246,1,2290
2247,547,2291
2248,38,2292
2249,1,2293
2251,1,2295
2252,565,2296
2254,251,2298
2255,1,2299
2256,1,2300
2257,255,2301
2258,1,2302
2259,1,2303
2261,501,2305
2262,541,2306
2263,562,2307
2264,1,2308
2265,1,2309
2267,507,2311
2268,500,2312
2271,479,2315
2272,378,2316
2273,8,2317
2273,11,2318
2274,11,2319
2275,261,2320
2276,1,2321
2278,1,2323
2279,150,2324
2280,332,2325
2281,1,2326
2282,1,2327
2283,1,2328
2284,35,2329
2286,1,2331
2287,1,2332
2288,648,2333
2289,14,2334
2290,1,2335
2291,645,2336
2292,150,2337
2293,571,2338
2294,1,2339
2295,19,2340
2296,107,2341
2298,358,2343
2299,245,2344
2300,344,2345
2301,137,2346
2302,308,2347
2303,309,2348
2304,434,2349
2305,161,2350
2306,135,2351
2307,135,2352
2308,1,2353
2309,286,2354
2310,1,2355
2311,38,2356
2312,408,2357
2313,487,2358
2314,90,2359
2315,562,2360
2316,3,2361
2317,535,2362
2318,8,2363
2320,1,2365
2321,1,2366
2322,1,2367
2323,234,2368
2324,1,2369
2325,3,2370
2326,3,2371
2327,1,2372
2328,1,2373
2329,27,2374
2330,12,2375
2331,1,2376
2332,27,2377
2333,130,2378
2334,547,2379
2335,125,2380
2336,445,2381
2337,534,2382
2338,424,2383
2339,164,2384
2341,1,2386
2342,515,2387
2343,4,2388
2344,1,2389
2345,12,2390
2346,501,2391
2347,190,2392
2348,554,2393
2349,544,2394
2350,544,2395
2351,643,2396
2352,1,2397
2353,1,2398
2354,21,2399
2355,557,2400
2356,82,2401
2357,1,2402
2358,1,2403
2359,1,2404
2360,163,2405
2361,1,2406
2362,1,2407
2363,457,2408
2364,409,2409
2365,117,2410
2366,367,2411
2367,1,2412
2368,1,2413
2369,1,2414
2370,408,2415
2371,646,2416
2371,494,2417
2372,646,2418
2372,494,2419
2373,511,2420
2374,1,2421
2375,1,2422
2377,3,2424
2378,1,2425
2380,1,2427
2381,28,2428
2382,1,2429
2383,38,2430
2384,62,2431
2385,150,2432
2387,38,2434
2388,503,2435
2389,252,2436
2390,38,2437
2391,50,2438
2392,82,2439
2393,33,2440
2394,544,2441
2395,448,2442
2396,515,2443
2397,1,2444
2398,302,2445
2399,508,2446
2400,9,2447
2400,11,2448
2401,1,2449
2402,1,2450
2403,323,2451
2404,171,2452
2405,565,2453
2406,499,2454
2407,1,2455
2408,1,2456
2409,237,2457
2410,1,2458
2411,330,2459
2412,361,2460
2413,1,2461
2414,129,2462
2415,50,2463
2416,50,2464
2418,1,2466
2419,205,2467
2420,1,2468
2421,479,2469
2422,542,2470
2423,542,2471
2424,47,2472
2426,524,2474
2427,127,2475
2428,1,2476
2429,499,2477
2430,1,2478
2431,360,2479
2432,1,2480
2434,1,2482
2435,31,2483
2437,1,2485
2439,269,2488
2440,65,2489
2441,1,2490
2442,509,2491
2443,541,2492
2444,159,2493
2446,487,2495
2447,127,2496
2448,500,2497
2449,1,2498
2449,494,2499
2450,524,2500
2451,1,2501
2452,135,2502
2453,82,2503
2454,1,2504
2455,1,2505
2456,1,2506
2457,524,2507
2458,4,2508
2459,20,2509
2460,119,2510
2461,145,2511
2462,28,2512
2464,646,2514
2465,12,2515
2466,269,2516
2467,541,2517
2469,381,2519
2470,1,2520
2471,1,2521
2472,358,2522
2473,7,2523
2474,1,2524
2475,1,2525
2476,1,2526
2477,1,2527
2478,643,2528
2479,1,2529
2480,50,2530
2481,1,2531
2482,156,2532
2483,11,2533
2484,12,2534
2485,1,2535
2486,1,2536
2487,1,2537
2488,1,2538
2491,8,2541
2493,1,2543
2494,134,2544
2495,1,2545
2496,356,2546
2497,3,2547
2498,330,2548
2500,1,2550
2501,455,2551
2502,2,2552
2503,1,2553
2504,66,2554
2506,445,2556
2507,50,2557
2508,12,2558
2509,564,2559
2510,1,2560
2511,1,2561
2512,1,2562
2513,1,2563
2514,1,2564
2515,1,2565
2516,8,2566
2517,8,2567
2518,8,2568
2519,1,2569
2520,1,2570
2521,344,2571
2522,297,2572
2523,428,2573
2524,467,2574
2525,89,2575
2527,89,2577
2530,1,2580
2531,1,2581
2532,8,2582
2533,1,2583
2534,1,2584
2536,1,2586
2537,5,2587
2539,146,2589
2540,7,2590
2541,1,2591
2542,141,2592
2543,297,2593
2544,297,2594
2545,297,2595
2546,506,2596
2547,511,2597
2548,1,2598
2549,1,2599
2550,443,2600
2551,1,2601
2553,1,2603
2554,1,2604
2555,457,2605
2556,287,2606
2556,385,2607
2558,1,2609
2559,1,2610
2560,1,2611
2561,517,2612
2562,1,2613
2563,52,2614
2564,374,2615
2565,143,2616
2566,404,2617
2567,467,2618
2568,1,2619
2570,1,2621
2571,1,2622
2572,47,2623
2573,47,2624
2574,1,2625
2575,1,2626
2577,15,2628
2578,547,2629
2580,12,2631
2581,4,2632
2582,1,2633
2583,1,2634
2584,1,2635
2585,475,2636
2586,454,2637
2587,90,2638
2588,90,2639
2589,82,2640
2590,481,2641
2592,207,2643
2593,1,2644
2595,1,2646
2596,368,2647
2597,1,2648
2598,1,2649
2599,508,2650
2600,1,2651
2602,154,2653
2603,3,2654
2604,1,2655
2605,3,2656
2606,11,2657
2607,38,2658
2613,445,2664
2614,542,2665
2615,1,2666
2616,15,2667
2617,8,2668
2619,276,2670
2620,8,2671
2621,300,2672
2622,553,2673
2623,467,2674
2624,38,2675
2625,499,2676
2626,256,2677
2627,343,2678
2628,402,2679
2629,258,2680
2630,1,2681
2631,1,2682
2632,556,2683
2633,426,2684
2634,542,2685
2635,517,2686
2636,1,2687
2637,1,2688
2638,1,2689
2639,541,2690
2640,1,2691
2642,31,2693
2643,1,2694
2644,1,2695
2645,1,2696
2646,479,2697
2647,567,2698
2648,507,2699
2649,3,2700
2650,1,2701
2651,549,2702
2652,1,2703
2653,332,2704
2654,565,2705
2655,10,2706
2656,1,2707
2658,1,2709
2659,1,2710
2660,1,2711
2661,1,2712
2663,491,2714
2664,1,2715
2665,1,2716
2666,1,2717
2667,1,2718
2668,544,2719
2669,19,2720
2671,479,2722
2672,255,2723
2673,533,2724
2674,1,2725
2675,1,2726
2676,1,2727
2677,543,2728
2678,8,2729
2679,141,2730
2680,141,2731
2681,142,2732
2682,134,2733
2683,143,2734
2685,1,2736
2686,1,2737
2687,1,2738
2688,60,2739
2689,1,2740
2690,369,2741
2691,250,2742
2692,466,2743
2693,7,2744
2694,1,2745
2695,84,2746
2696,5,2747
2697,492,2748
2699,504,2750
2700,1,2751
2701,1,2752
2702,1,2753
2703,332,2754
2704,1,2755
2706,564,2757
2707,1,2758
2709,82,2760
2710,1,2761
2711,1,2762
2712,1,2763
2713,517,2764
2714,556,2765
2715,11,2766
2716,544,2767
2717,500,2768
2718,368,2769
2720,156,2771
2721,1,2772
2722,1,2773
2724,114,2775
2725,123,2776
2727,1,2778
2728,1,2779
2730,47,2781
2731,1,2782
2734,1,2785
2735,556,2786
2736,603,2787
2737,603,2788
2738,570,2789
2739,547,2790
2740,549,2791
2741,95,2792
2742,1,2793
2743,565,2794
2744,192,2795
2745,501,2796
2746,544,2797
2747,226,2798
2748,542,2799
2749,1,2800
2750,1,2801
2751,1,2802
2753,1,2804
2755,222,2806
2756,453,2807
2757,502,2808
2758,554,2809
2759,323,2810
2760,1,2811
2761,38,2812
2762,222,2813
2763,38,2814
2764,38,2815
2765,38,2816
2766,1,2817
2767,1,2818
2768,47,2819
2769,156,2820
2770,12,2821
2771,141,2822
2775,381,2826
2776,1,2827
2777,1,2828
2778,1,2829
2779,1,2830
2780,1,2831
2781,1,2832
2782,488,2833
2783,2,2834
2784,541,2835
2785,553,2836
2786,43,2837
2787,38,2838
2788,38,2839
2789,102,2840
2794,446,2845
2795,525,2846
2798,1,2849
2799,402,2850
2800,129,2851
2801,210,2852
2802,1,2853
2804,401,2855
2806,515,2857
2808,1,2859
2811,1,2862
2814,1,2865
2816,10,2867
2818,288,2869
2819,1,2870
2820,479,2871
2821,8,2872
2822,1,2873
2823,1,2874
2824,512,2875
2825,1,2876
2826,1,2877
2827,50,2878
2828,1,2879
2829,1,2880
2830,1,2881
2831,238,2882
2832,292,2883
2833,301,2884
2834,242,2885
2835,556,2886
2836,257,2887
2837,29,2888
2838,1,2889
2839,255,2890
2840,235,2891
2841,402,2892
2842,245,2893
2843,135,2894
2844,342,2895
2845,1,2896
2847,496,2898
2848,8,2899
2849,491,2900
2850,409,2901
2851,1,2902
2852,511,2903
2854,1,2905
2855,1,2906
2857,156,2908
2858,1,2909
2859,156,2910
2860,1,2911
2861,1,2912
2864,1,2915
2866,3,2917
2867,8,2918
2868,38,2919
2869,11,2920
2870,516,2921
2871,501,2922
2872,488,2923
2873,513,2924
2874,38,2925
2875,443,2926
2876,1,2927
2877,517,2928
2878,534,2929
2879,102,2930
2880,206,2931
2881,1,2932
2882,1,2933
2883,500,2934
2884,104,2935
2885,406,2936
2888,559,2939
2889,446,2940
2890,410,2941
2891,466,2942
2892,452,2943
2893,452,2944
2894,413,2945
2896,1,2947
2897,8,2948
2902,1,2953
2904,82,2955
2905,82,2956
2906,1,2957
2909,1,2960
2910,47,2961
2911,547,2962
2912,549,2963
2913,547,2964
2914,388,2965
2915,343,2966
2916,131,2967
2917,401,2968
2918,141,2969
2919,135,2970
2920,1,2971
2921,266,2972
2922,462,2973
2923,110,2974
2924,507,2975
2925,515,2976
2926,12,2977
2927,66,2978
2928,38,2979
2929,1,2980
2930,499,2981
2931,1,2982
2932,1,2983
2933,508,2984
2934,1,2985
2935,31,2986
2936,96,2987
2937,332,2988
2938,1,2989
2939,1,2990
2940,1,2991
2941,9,2992
2942,8,2993
2943,446,2994
2944,246,2995
2945,1,2996
2946,3,2997
2947,411,2998
2948,500,2999
2949,1,3000
2950,467,3001
2952,473,3003
2953,1,3004
2954,409,3005
2955,1,3006
2956,1,3007
2956,495,3008
2957,113,3009
2958,459,3010
2959,531,3011
2960,10,3012
2961,542,3013
2962,515,3014
2964,542,3016
2965,1,3017
2966,1,3018
2967,503,3019
2968,97,3020
2969,1,3021
2970,517,3022
2971,22,3023
2972,541,3024
2973,542,3025
2974,12,3026
2975,22,3027
2976,1,3028
2977,89,3029
2978,1,3030
2979,310,3031
2980,89,3032
2981,1,3033
2982,1,3034
2983,643,3035
2984,379,3036
2985,1,3037
2986,1,3038
2987,1,3039
2988,472,3040
2989,1,3041
2991,194,3043
2992,332,3044
2993,15,3045
2994,434,3046
2995,8,3047
2996,1,3048
2997,1,3049
2998,1,3050
2999,1,3051
3000,1,3052
3001,22,3053
3002,1,3054
3003,1,3055
3004,147,3056
3005,47,3057
3008,1,3060
3009,571,3061
3010,7,3062
3011,244,3063
3013,1,3065
3014,1,3066
3015,482,3067
3016,1,3068
3017,1,3069
3018,38,3070
3019,541,3071
3020,1,3072
3021,222,3073
3023,1,3075
3024,1,3076
3025,82,3077
3026,1,3078
3027,455,3079
3028,11,3080
3029,1,3081
3030,63,3082
3031,556,3083
3032,1,3084
3033,112,3085
3034,601,3086
3035,428,3087
3036,1,3088
3037,165,3089
3038,8,3090
3039,251,3091
3040,1,3092
3041,499,3093
3042,12,3094
3043,1,3095
3044,1,3096
3045,1,3097
3046,174,3098
3047,460,3099
3048,603,3100
3049,1,3101
3051,1,3103
3053,5,3105
3054,1,3106
3056,1,3108
3057,1,3109
3058,7,3110
3059,7,3111
3060,188,3112
3061,544,3113
3062,1,3114
3063,422,3115
3064,7,3116
3065,38,3117
3066,465,3118
3067,50,3119
3068,1,3120
3069,1,3121
3070,1,3122
3071,510,3123
3072,1,3124
3073,1,3125
3075,1,3127
3076,1,3128
3077,528,3129
3078,11,3130
3079,154,3131
3080,542,3132
3081,1,3133
3082,119,3134
3083,538,3135
3084,1,3136
3085,1,3137
3086,157,3138
3087,1,3139
3087,436,3140
3088,1,3141
3089,165,3142
3090,515,3143
3091,1,3144
3093,542,3146
3094,534,3147
3095,1,3148
3096,50,3149
3097,1,3150
3098,559,3151
3099,1,3152
3100,1,3153
3101,1,3154
3102,1,3155
3102,537,3156
3103,1,3157
3104,127,3158
3105,1,3159
3106,648,3160
3107,1,3161
3108,55,3162
3109,480,3163
3110,22,3164
3111,477,3165
3112,194,3166
3113,38,3167
3114,239,3168
3115,359,3169
3116,1,3170
3117,1,3171
3118,53,3172
3119,53,3173
3120,1,3174
3121,1,3175
3122,279,3176
3123,121,3177
3124,1,3178
3125,1,3179
3126,1,3180
3127,1,3181
3128,1,3182
3129,38,3183
3130,223,3184
3131,1,3185
3132,501,3186
3133,203,3187
3134,3,3188
3135,467,3189
3137,565,3191
3139,47,3193
3141,121,3195
3142,332,3196
3143,544,3197
3144,534,3198
3145,481,3199
3146,1,3200
3147,8,3201
3148,1,3202
3150,1,3204
3151,1,3205
3152,1,3206
3153,8,3207
3154,494,3208
3156,1,3210
3157,1,3211
3159,558,3213
3160,643,3214
3161,516,3215
3162,8,3216
3163,493,3217
3164,5,3218
3165,256,3219
3166,310,3220
3167,204,3221
3168,341,3222
3169,261,3223
3170,1,3224
3171,1,3225
3172,1,3226
3173,65,3227
3174,1,3228
3175,1,3229
3176,8,3230
3177,16,3231
3178,1,3232
3179,38,3233
3180,1,3234
3181,3,3235
3182,1,3236
3183,556,3237
3184,31,3238
3185,9,3239
3188,280,3242
3189,38,3243
3190,1,3244
3191,1,3245
3192,11,3246
3193,534,3247
3194,169,3248
3195,8,3249
3196,1,3250
3197,1,3251
3199,11,3253
3200,53,3254
3201,205,3255
3202,1,3256
3204,1,3258
3205,511,3259
3206,1,3260
3207,1,3261
3208,544,3262
3209,41,3263
3210,483,3264
3211,133,3265
3212,273,3266
3213,257,3267
3214,146,3268
3215,261,3269
3216,135,3270
3217,1,3271
3218,156,3272
3219,310,3273
3220,445,3274
3221,128,3275
3222,565,3276
3223,1,3277
3225,1,3279
3226,1,3280
3227,1,3281
3228,8,3282
3229,1,3283
3230,3,3284
3231,9,3285
3232,1,3286
3234,516,3288
3235,1,3289
3236,1,3290
3237,289,3291
3237,386,3292
3239,1,3294
3242,3,3297
3243,38,3298
3244,1,3299
3245,3,3300
3246,1,3301
3247,1,3302
3248,21,3303
3250,210,3305
3251,1,3306
3253,1,3308
3254,1,3309
3255,121,3310
3256,38,3311
3257,82,3312
3258,8,3313
3260,1,3315
3261,298,3316
3262,1,3317
3264,1,3319
3266,1,3321
3267,135,3322
3268,38,3323
3269,455,3324
3271,1,3326
3271,4,3327
3272,508,3328
3273,422,3329
3275,92,3331
3276,1,3332
3277,1,3333
3278,445,3334
3279,129,3335
3280,1,3336
3281,377,3337
3282,224,3338
3283,195,3339
3284,194,3340
3285,564,3341
3286,46,3342
3286,155,3343
3287,563,3344
3288,1,3345
3289,12,3346
3290,82,3347
3291,1,3348
3292,426,3349
3293,422,3350
3294,231,3351
3296,1,3353
3298,1,3355
3299,269,3356
3301,1,3358
3302,472,3359
3304,286,3361
3306,1,3363
3308,1,3365
3310,601,3367
3311,1,3368
3312,565,3369
3313,504,3370
3314,594,3371
3315,497,3372
3316,1,3373
3317,601,3374
3318,1020,3375
3319,601,3376
3320,601,3377
3321,1,3378
3322,1,3379
3323,601,3380
3324,601,3381
3325,601,3382
3326,241,3383
3327,508,3384
3328,1,3385
3329,542,3386
3332,1,3389
3333,8,3390
3334,1,3391
3335,305,3392
3336,143,3393
3337,320,3394
3338,1,3395
3339,84,3396
3340,12,3397
3341,84,3398
3342,1,3399
3343,521,3400
3344,1,3401
3345,147,3402
3346,1,3403
3347,207,3404
3348,53,3405
3349,460,3406
3350,1,3407
3351,67,3408
3352,601,3409
3353,601,3410
3354,31,3411
3355,333,3412
3356,601,3413
3357,1,3414
3358,338,3415
3359,1,3416
3360,1,3417
3361,82,3418
3362,477,3419
3363,301,3420
3370,1,3427
3371,38,3428
3372,1,3429
3373,11,3430
3375,11,3432
3376,535,3433
3377,565,3434
3378,1,3435
3379,1,3436
3380,565,3437
3381,135,3438
3382,268,3439
3383,48,3440
3385,541,3442
3386,1,3443
3388,1,3445
3389,347,3446
3390,346,3447
3391,1,3448
3392,322,3449
3393,1,3450
3394,1,3451
3395,1,3452
3396,1,3453
3397,1,3454
3398,1,3455
3399,1,3456
3400,1,3457
3401,1,3458
3402,398,3459
3403,601,3460
3404,485,3461
3405,69,3462
3406,1,3463
3407,1,3464
3408,477,3465
3409,646,3466
3411,559,3468
3412,509,3469
3413,525,3470
3414,1,3471
3415,269,3472
3416,109,3473
3417,455,3474
3418,480,3475
3419,601,3476
3420,40,3477
3421,272,3478
3422,601,3479
3423,1,3480
3424,601,3481
3425,1,3482
3426,392,3483
3427,215,3484
3429,601,3485
3430,601,3486
3431,601,3487
3433,99,3489
3435,1,3491
3436,477,3492
3437,84,3493
3439,478,3495
3440,487,3496
3441,446,3497
3442,457,3498
3445,230,3501
3448,491,3504
3449,278,3505
3450,8,3506
3450,291,3507
3451,135,3508
3452,210,3509
3453,1,3510
3454,1,3511
3455,1,3512
3456,1,3513
3457,601,3514
3458,1,3515
3459,499,3516
3460,38,3517
3461,601,3518
3462,445,3519
3463,1,3520
3464,601,3521
3465,601,3522
3466,516,3523
3467,445,3524
3470,130,3527
3471,445,3528
3472,1,3529
3474,8,3531
3475,1,3532
3476,1,3533
3477,1,3534
3478,3,3535
3478,11,3536
3480,547,3538
3482,1,3540
3483,1,3541
3484,1,3542
3485,121,3543
3486,1,3544
3487,1,3545
3488,601,3546
3489,50,3547
3490,1,3548
3491,1,3549
3492,467,3550
3493,601,3551
3494,57,3552
3495,601,3553
3497,1,3555
3498,262,3556
3499,249,3557
3500,144,3558
3501,554,3559
3502,570,3560
3503,445,3561
3504,1,3562
3506,511,3564
3507,1,3565
3508,1,3566
3508,436,3567
3509,511,3568
3511,460,3570
3512,1,3571
3513,8,3572
3513,324,3573
3514,601,3574
3515,601,3575
3516,1,3576
3517,1,3577
3518,1,3578
3519,601,3579
7559,8,6519
7478,8,6520
7545,8,6521
7456,8,6522
7460,8,6523
7461,8,6524
7435,8,6525
7571,8,6526
7550,8,6527
7566,8,6528
7438,8,6529
7562,8,6530
7577,8,6531
7473,8,6532
7585,8,6533
7546,8,6534
7588,8,6535
7586,8,6536
7579,8,6537
7443,8,6538
7581,8,6539
7595,8,6540
7561,8,6541
7454,8,6542
7580,8,6543
7449,8,6544
7544,8,6545
7590,8,6546
7446,8,6547
7472,8,6548
7589,8,6549
7569,8,6550
7442,8,6551
7474,8,6552
7450,8,6553
7444,8,6554
7582,8,6555
7430,8,6556
7781,8,6557
7563,8,6558
7865,646,6559
7811,646,6560
7816,646,6561
7812,646,6562
7810,646,6563
7866,646,6564
7815,646,6565
7334,646,6566
7809,646,6567
7814,646,6568
7813,646,6569
7867,646,6570
7270,644,6571
7268,644,6572
7273,644,6573
7272,644,6574
7271,644,6575
7422,644,6576
7421,644,6577
7420,644,6578
7379,644,6579
7378,644,6580
7856,645,6581
7676,10,6582
7898,10,6583
7915,10,6584
7902,10,6585
7675,10,6586
7921,10,6587
7908,10,6588
7914,10,6589
7901,10,6590
7911,10,6591
7925,10,6592
7912,10,6593
7923,10,6594
7899,10,6595
7909,10,6596
7910,10,6597
7926,10,6598
7917,10,6599
7913,10,6600
7894,10,6601
7916,10,6602
7904,10,6603
7919,10,6604
7863,10,6605
7922,10,6606
7900,10,6607
7918,10,6608
7924,10,6609
7897,10,6610
7893,10,6611
7903,10,6612
7927,10,6613
7896,10,6614
7907,10,6615
7920,10,6616
7906,10,6617
7905,10,6618
7895,10,6619
7319,1028,6620
7317,1028,6621
7363,1028,6622
7320,1028,6623
7364,1028,6624
7318,1028,6625
7365,1028,6626
7321,1028,6627
7316,1028,6628
7339,643,6629
7860,643,6630
7484,643,6631
7858,643,6632
7864,643,6633
7482,643,6634
7483,643,6635
7340,643,6636
7485,643,6637
7671,1024,6638
7669,1024,6639
7674,1024,6640
7670,1024,6641
7673,1024,6642
7672,1024,6643
7662,1024,6644
7663,1024,6645
7664,1024,6646
7384,1024,6647
7666,1024,6648
7383,1024,6649
7665,1024,6650
7667,1024,6651
7424,1051,6652
7331,1051,6653
7423,1051,6654
7330,1051,6655
7932,4,6656
7939,4,6657
7940,4,6658
7938,4,6659
7931,4,6660
7928,4,6661
7933,4,6662
7875,601,6663
7878,601,6664
7862,601,6665
7879,601,6666
7877,601,6667
7873,601,6668
7808,601,6669
7869,601,6670
7868,601,6671
7333,601,6672
7876,601,6673
7871,601,6674
7870,601,6675
7872,601,6676
7874,601,6677
7295,601,6678
7296,601,6679
7297,601,6680
7298,601,6681
7299,601,6682
7300,601,6683
7301,601,6684
7302,601,6685
7303,601,6686
7304,601,6687
7603,601,6688
7604,601,6689
7605,601,6690
7606,601,6691
7607,601,6692
7608,601,6693
7609,601,6694
7610,601,6695
7611,601,6696
7612,601,6697
7613,601,6698
7614,601,6699
7615,601,6700
7616,601,6701
7617,601,6702
7618,601,6703
7619,601,6704
7620,601,6705
7510,601,6706
7511,601,6707
7512,601,6708
7513,601,6709
7514,601,6710
7515,601,6711
7516,601,6712
7517,601,6713
7518,601,6714
7519,601,6715
7520,601,6716
7521,601,6717
7522,601,6718
7523,601,6719
7524,601,6720
7525,601,6721
7526,601,6722
7527,601,6723
7528,601,6724
7529,601,6725
7530,601,6726
7531,601,6727
7532,601,6728
7533,601,6729
7534,601,6730
7535,601,6731
7536,601,6732
7537,601,6733
7538,601,6734
7539,601,6735
7540,601,6736
7782,601,6737
7783,601,6738
7784,601,6739
7785,601,6740
7786,601,6741
7817,601,6742
7818,601,6743
7621,601,6744
7622,601,6745
7623,601,6746
7624,601,6747
7625,601,6748
7626,601,6749
7627,601,6750
7628,601,6751
7629,601,6752
7630,601,6753
7631,601,6754
7632,601,6755
7633,601,6756
7634,601,6757
7635,601,6758
7636,601,6759
7637,601,6760
7638,601,6761
7639,601,6762
7640,601,6763
7641,601,6764
7642,601,6765
7643,601,6766
7644,601,6767
7645,601,6768
7646,601,6769
7647,601,6770
7648,601,6771
7649,601,6772
7650,601,6773
7651,601,6774
7652,601,6775
7653,601,6776
7677,601,6777
7678,601,6778
7679,601,6779
7680,601,6780
7681,601,6781
7682,601,6782
7683,601,6783
7684,601,6784
7685,601,6785
7686,601,6786
7687,601,6787
7688,601,6788
7689,601,6789
7690,601,6790
7691,601,6791
7692,601,6792
7693,601,6793
7694,601,6794
7695,601,6795
7696,601,6796
7697,601,6797
7698,601,6798
7699,601,6799
7700,601,6800
7701,601,6801
7702,601,6802
7703,601,6803
7704,601,6804
7705,601,6805
7706,601,6806
7707,601,6807
7708,601,6808
7709,601,6809
7710,601,6810
7711,601,6811
7712,601,6812
7713,601,6813
7714,601,6814
7715,601,6815
7716,601,6816
7717,601,6817
7718,601,6818
7719,601,6819
7720,601,6820
7721,601,6821
7722,601,6822
7890,601,6823
7891,601,6824
7892,601,6825
7654,601,6826
7655,601,6827
7656,601,6828
7657,601,6829
7658,601,6830
7793,601,6831
7797,601,6832
7202,601,6833
7723,601,6834
7724,601,6835
7726,601,6836
7727,601,6837
7728,601,6838
7729,601,6839
7730,601,6840
7955,601,6841
7857,601,6842
7211,601,6843
7231,601,6845
7232,601,6846
7233,601,6847
7237,601,6848
7238,601,6849
7241,601,6851
7242,601,6852
7243,601,6853
7244,601,6854
7245,601,6855
7246,601,6856
7247,601,6857
7248,601,6858
7249,601,6859
7250,601,6860
7251,601,6861
7252,601,6862
7253,601,6863
7254,601,6864
7255,601,6865
7256,601,6866
7257,601,6867
7258,601,6868
7259,601,6869
7260,601,6870
7261,601,6871
7262,601,6872
7263,601,6873
7264,601,6874
7265,601,6875
7266,601,6880
7267,601,6881
7794,601,6882
7796,601,6883
7859,601,6884
7929,601,6885
7930,601,6886
7934,601,6887
7935,601,6888
7936,601,6889
7937,601,6890
7203,601,6891
7204,601,6892
7205,601,6893
7206,601,6894
7207,601,6895
7208,601,6896
7209,601,6897
7210,601,6898
7880,601,6899
7881,601,6900
7882,601,6901
7322,601,6902
7324,601,6904
7325,601,6905
7326,601,6906
7327,601,6907
7328,601,6908
7329,601,6909
7492,601,6910
7505,601,6911
7949,601,6912
7950,601,6913
7951,601,6914
7883,601,6915
7884,601,6916
7885,601,6917
7886,601,6918
7887,601,6919
7888,601,6920
7889,601,6921
7305,601,6922
7306,601,6923
7307,601,6924
7308,601,6925
7309,601,6926
7310,601,6927
7312,601,6929
7313,601,6930
7314,601,6931
7315,601,6932
7734,601,6933
7735,601,6934
7736,601,6935
7737,601,6936
7738,601,6937
7739,601,6938
7740,601,6939
7741,601,6940
7742,601,6941
7743,601,6942
7744,601,6943
7745,601,6944
7746,601,6945
7747,601,6946
7748,601,6947
7749,601,6948
7750,601,6949
7751,601,6950
7752,601,6951
7753,601,6952
7754,601,6953
7755,601,6954
7756,601,6955
7757,601,6956
7758,601,6957
7759,601,6958
7760,601,6959
7761,601,6960
7762,601,6961
7763,601,6962
7764,601,6963
7765,601,6964
7766,601,6965
7767,601,6966
7768,601,6967
7769,601,6968
7770,601,6969
7771,601,6970
7772,601,6971
7773,601,6972
7774,601,6973
7775,601,6974
7776,601,6975
7777,601,6976
7778,601,6977
7779,601,6978
7780,601,6979
7212,601,6981
7213,601,6982
7214,601,6983
7215,601,6984
7216,601,6985
7217,601,6986
7218,601,6987
7219,601,6988
7220,601,6989
7221,601,6990
7222,601,6991
7223,601,6992
7224,601,6993
7225,601,6994
7226,601,6995
7228,601,6997
7229,601,6998
7276,601,6999
7277,601,7000
7486,601,7001
7487,601,7002
7488,601,7003
7489,601,7004
7490,601,7005
7491,601,7006
7493,601,7007
7494,601,7008
7495,601,7009
7496,601,7010
7497,601,7011
7498,601,7012
7499,601,7013
7500,601,7014
7501,601,7015
7502,601,7016
7503,601,7017
7504,601,7018
7506,601,7019
7507,601,7020
7508,601,7021
7509,601,7022
7278,601,7023
7279,601,7024
7280,601,7025
7281,601,7026
7282,601,7027
7283,601,7028
7284,601,7029
7285,601,7030
7286,601,7031
7287,601,7032
7288,601,7033
7290,601,7035
7293,601,7038
7294,601,7039
7000,1,6029
7100,1,6030
5881,1,6031
5882,1,6032
5883,1,6033
5884,1,6034
5885,1,6035
5886,1,6036
5887,1,6037
6761,1,6038
6762,1,6039
6764,1,6040
6766,1,6041
6767,1,6042
6769,1,6043
6770,1,6044
6775,1,6045
6776,1,6046
6779,1,6047
6809,1,6048
6810,1,6049
6822,1,6050
6824,1,6051
6825,1,6052
6827,1,6053
6831,1,6054
6834,1,6055
6835,1,6056
6836,1,6057
6837,1,6058
6838,1,6059
6839,1,6060
6840,1,6061
6843,1,6062
6846,1,6063
6851,1,6065
6854,1,6066
6855,1,6067
6856,1,6068
6857,1,6069
6860,1,6070
6861,1,6071
6862,1,6072
6863,1,6073
6864,1,6074
6865,1,6075
6866,1,6076
6867,1,6077
6868,1,6078
6869,1,6079
6870,1,6080
6872,1,6081
6873,1,6082
6875,1,6083
6876,1,6084
6877,1,6085
6878,1,6086
6879,1,6087
6881,1,6088
6882,1,6089
6883,1,6090
6885,1,6091
6886,1,6092
6983,1,6093
6985,1,6094
6986,1,6095
6990,1,6096
6991,1,6097
6992,1,6098
6993,1,6099
6995,1,6100
6998,1,6101
7010,1,6102
7012,1,6103
7013,1,6104
7014,1,6105
7015,1,6106
7020,1,6107
7026,1,6108
7029,1,6109
7030,1,6110
7035,1,6111
7036,1,6112
7037,1,6113
7038,1,6114
7039,1,6115
7040,1,6116
7041,1,6117
7042,1,6118
7043,1,6119
7044,1,6120
7045,1,6121
7046,1,6122
7047,1,6123
7048,1,6124
7049,1,6125
7050,1,6126
7051,1,6127
7052,1,6128
7054,1,6129
7056,1,6130
7057,1,6131
7058,1,6132
7065,1,6133
7073,1,6134
7074,1,6135
7076,1,6136
7079,1,6137
7080,1,6138
7081,1,6139
7082,1,6140
7083,1,6141
7084,1,6142
7092,1,6144
7093,1,6145
7095,1,6146
7096,1,6147
7097,1,6148
7098,1,6149
7099,1,6150
7101,1,6151
7102,1,6152
7103,1,6153
7104,1,6154
7105,1,6155
7106,1,6156
7107,1,6157
7108,1,6158
7109,1,6159
7111,1,6160
7113,1,6161
7114,1,6162
7115,1,6163
7118,1,6164
7127,1,6165
7128,1,6166
7129,1,6167
7131,1,6168
7134,1,6169
7140,1,6170
7142,1,6171
7144,1,6172
7145,1,6173
7147,1,6174
5879,601,6175
5880,601,6176
6763,601,6177
6765,601,6178
6768,601,6179
6771,601,6180
6772,601,6181
6773,601,6182
6774,601,6183
6777,601,6184
6778,601,6185
6780,601,6186
6781,601,6187
6782,601,6188
6783,601,6189
6806,601,6193
6808,601,6195
6811,601,6196
6812,601,6197
6813,601,6198
6814,601,6199
6815,601,6200
6816,601,6201
6817,603,6202
6818,603,6203
6819,601,6204
6820,603,6205
6821,601,6206
6823,601,6207
6826,601,6208
6828,605,6209
6829,605,6210
6830,601,6211
6832,601,6212
6833,544,6213
6841,601,6214
6842,601,6215
6844,601,6216
6845,601,6217
6849,601,6219
6850,601,6220
6852,601,6221
6853,601,6222
6858,601,6223
6859,601,6224
6871,601,6225
6874,601,6226
6880,601,6227
6884,601,6228
6984,601,6229
6987,601,6230
6988,601,6231
6989,601,6232
6994,601,6233
6996,601,6234
6997,601,6235
6999,601,6236
7001,601,6237
7002,601,6238
7003,601,6239
7004,601,6240
7005,601,6241
7006,550,6242
7007,601,6243
7008,601,6244
7009,601,6245
7011,601,6246
7016,601,6247
7017,601,6248
7018,601,6249
7019,601,6250
7021,601,6251
7022,601,6252
7023,601,6253
7024,601,6254
7025,601,6255
7027,550,6256
7028,601,6257
7031,601,6258
7032,601,6259
7033,601,6260
7034,601,6261
7053,601,6262
7055,601,6263
7059,601,6264
7060,601,6265
7061,601,6266
7062,601,6267
7063,601,6268
7064,547,6269
7066,601,6270
7067,601,6271
7068,601,6272
7069,601,6273
7070,601,6274
7071,601,6275
7072,601,6276
7075,601,6277
7077,601,6278
7078,601,6279
7090,601,6284
7091,601,6285
7094,601,6286
7110,601,6287
7112,601,6288
7116,601,6289
7117,601,6290
7119,601,6291
7120,601,6292
7121,601,6293
7122,601,6294
7123,601,6295
7124,601,6296
7125,601,6297
7126,601,6298
7130,601,6299
7135,601,6302
7136,601,6303
7137,601,6304
7138,601,6305
7139,601,6306
7141,601,6307
7143,601,6308
7146,601,6309
7148,601,6310
7149,601,6311
4404,601,4464
4405,601,4465
4406,1,4466
4407,601,4467
4408,601,4468
4409,1,4469
4410,601,4470
4411,601,4471
4412,1,4472
4413,203,4473
4414,1,4474
4415,50,4475
4416,567,4476
4417,1,4477
4418,1,4478
4419,601,4479
4420,1,4480
4421,1,4481
4422,601,4482
4423,1,4483
4424,1,4484
4425,601,4485
4426,1,4486
4427,348,4487
4428,1,4488
4429,601,4489
4430,1,4490
4431,649,4491
4432,1,4492
4433,397,4493
4434,31,4494
4435,412,4495
4436,346,4496
4437,1,4497
4438,544,4498
4439,1,4499
4440,601,4500
4441,1,4501
4442,1,4502
4443,1,4503
4444,601,4504
4445,1,4505
4446,486,4506
4447,486,4507
4448,601,4508
4449,1,4509
4450,1,4510
4451,1,4511
4452,1,4512
4453,601,4513
4455,601,4514
4456,1,4515
4457,1,4516
4458,1,4517
4459,136,4518
4460,573,4519
4461,239,4520
4462,138,4521
4463,601,4522
4464,601,4523
4465,460,4524
4466,1,4525
4467,1,4526
4468,135,4527
4469,601,4528
4470,571,4529
4471,601,4530
4472,601,4531
4473,601,4532
4474,601,4533
4475,549,4534
4476,6,4535
4477,419,4536
4478,612,4537
4479,1,4538
4480,1,4539
4481,1,4540
4482,437,4541
4483,601,4542
4484,601,4543
4485,1,4544
4486,1,4545
4487,1,4546
4488,1,4547
4489,84,4548
4490,1,4549
4491,601,4550
4492,601,4551
4493,601,4552
4494,601,4553
4495,601,4554
4496,601,4555
4497,1,4556
4498,77,4557
4499,1,4558
4500,554,4559
4501,601,4560
4502,1,4561
4503,1,4562
4504,1,4563
4505,1,4564
4506,1,4565
4507,480,4566
4508,601,4567
4509,1,4568
4510,1020,4569
4511,601,4570
4512,601,4571
4513,601,4572
4514,601,4573
4515,1,4574
4516,601,4575
4517,1,4576
4518,601,4577
4519,1,4578
4520,38,4579
4521,1,4580
4522,438,4581
4523,1,4582
4524,327,4583
4525,387,4584
4526,1,4585
4527,523,4586
4528,338,4587
4529,601,4588
4530,1,4589
4531,1,4590
4532,601,4591
4533,1,4592
4534,253,4593
4535,1,4594
4536,247,4595
4537,1,4596
4538,25,4597
4540,47,4598
4541,276,4599
4542,47,4600
4543,47,4601
4544,601,4602
4545,601,4603
4546,1,4604
4547,1,4605
4548,601,4606
4549,601,4607
4550,334,4608
4551,335,4609
4552,1,4610
4553,1,4611
4554,1,4612
4555,601,4613
4556,1,4614
4557,1,4615
4558,1,4616
4559,1,4617
4560,1,4618
4561,1,4619
4562,211,4620
4563,1,4621
4564,1,4622
4565,1,4623
4566,601,4624
4567,601,4625
4568,601,4626
4569,601,4627
4570,1,4628
4571,1,4629
4572,407,4630
4573,1,4631
4574,1,4632
4575,571,4633
4576,601,4634
4577,21,4635
4578,601,4636
4579,601,4637
4580,601,4638
4581,601,4639
4582,601,4640
4583,1,4641
4584,47,4642
4585,601,4643
4586,601,4644
4587,601,4645
4588,416,4646
4589,260,4647
4590,47,4648
4591,1,4649
4592,1,4650
4593,1,4651
4594,1,4652
4595,1,4653
4596,601,4654
4597,1,4655
4598,601,4656
4599,1,4657
4600,1,4658
4601,1,4659
4602,1,4660
4603,1,4661
4604,91,4662
4605,601,4663
4606,1,4664
4607,601,4665
4608,601,4666
4609,601,4667
4610,1,4668
4611,1,4669
4612,547,4670
4613,547,4671
4614,1,4672
4615,601,4673
4616,601,4674
4617,1,4675
4618,542,4676
4619,563,4677
4620,1,4678
4621,601,4679
4622,65,4680
4623,601,4681
4624,601,4682
4625,251,4683
4626,77,4684
4627,50,4685
4628,547,4686
4629,1,4687
4630,601,4688
4631,612,4689
4632,1,4690
4633,384,4691
4634,350,4692
4635,601,4693
4636,601,4694
4637,1,4695
4638,601,4696
4639,601,4697
4640,1,4698
4641,601,4699
4642,1,4700
4643,601,4701
4644,601,4702
4645,601,4703
4646,1,4704
4647,1,4705
4648,1,4706
4649,62,4707
4650,601,4708
4651,601,4709
4652,601,4710
4653,601,4711
4654,601,4712
4655,601,4713
4657,601,4715
4658,55,4716
4659,1,4717
4660,601,4718
4661,1,4719
4662,1,4720
4663,601,4721
4664,1,4722
4665,601,4723
4666,18,4724
4667,601,4725
4668,1,4726
4669,1,4727
4670,601,4728
4671,1006,4729
4672,601,4730
4673,1,4731
4674,1,4732
4675,1,4733
4676,1,4734
4677,1,4735
4678,1,4736
4679,81,4737
4680,30,4738
4681,136,4739
4682,136,4740
4683,435,4741
4684,1020,4742
4685,601,4743
4686,84,4744
4687,1,4745
4688,451,4746
4689,1,4747
4690,1,4748
4691,477,4749
4692,1,4750
4693,601,4751
4694,1,4752
4695,51,4753
4696,601,4754
4697,1,4755
4698,1,4756
4699,601,4757
4700,601,4758
4701,1,4759
4702,1,4760
4703,1,4761
4704,47,4762
4705,1,4763
4706,601,4764
4707,1,4765
4708,1,4766
4709,283,4767
4710,1,4768
4711,601,4769
4712,1,4770
4713,601,4771
4714,384,4772
4715,233,4773
4716,440,4774
4717,601,4775
4718,87,4776
4719,1,4777
4720,1,4778
4721,15,4779
4722,601,4780
4723,74,4781
4724,1,4782
4725,1,4783
4726,1,4784
4727,1,4785
4728,1,4786
4729,304,4787
4730,601,4788
4731,1,4789
4732,556,4790
4733,38,4791
4734,407,4792
4735,601,4793
4736,601,4794
4737,601,4795
4738,601,4796
4739,1,4797
4740,1,4798
4741,430,4799
4742,601,4800
4743,1,4801
4744,601,4802
4745,342,4803
4746,284,4804
4747,1,4805
4748,601,4806
4749,601,4807
4750,1,4808
4751,1,4809
4752,1,4810
4753,601,4811
4754,1,4812
4755,1,4813
4756,1,4814
4757,47,4815
4758,47,4816
4759,601,4817
4760,601,4818
4761,1,4819
4762,422,4820
4763,601,4821
4764,1,4822
4765,209,4823
4766,601,4824
4767,601,4825
4768,1,4826
4769,601,4827
4770,399,4828
4771,1,4829
4772,601,4830
4773,1,4831
4774,73,4832
4775,1,4833
4776,601,4834
4777,601,4835
4778,601,4836
4779,1,4837
4780,601,4838
4781,601,4839
4782,248,4840
4783,1,4841
4784,601,4842
4785,1,4843
4786,1,4844
4787,507,4845
4788,340,4846
4789,295,4847
4790,222,4848
4792,1,4850
4793,1,4851
4794,561,4852
4795,1,4853
4796,89,4854
4797,547,4855
4799,1,4857
4800,601,4858
4801,601,4859
4802,601,4860
4803,601,4861
4804,601,4862
4805,601,4863
4806,601,4864
4807,601,4865
4808,601,4866
4809,601,4867
4810,601,4868
4812,1,4870
4813,601,4871
4814,1,4872
4815,1,4873
4816,601,4874
4817,601,4875
4818,601,4876
4819,601,4877
4820,601,4878
4821,601,4879
4823,601,4881
4824,601,4882
4825,1051,4883
4826,601,4884
4827,601,4885
4828,516,4886
4829,610,4887
4830,601,4888
4831,601,4889
4832,601,4890
4833,1,4891
4834,1,4892
4835,1,4893
4836,601,4894
4837,1,4895
4838,1,4896
4839,601,4897
4840,1,4898
4841,601,4899
4842,601,4900
4843,1,4901
4844,1,4902
4845,601,4903
4846,1,4904
4847,377,4905
4850,455,4908
4851,163,4909
4853,1,4911
4863,601,4921
4864,1,4922
4865,1,4923
4866,601,4924
4867,601,4925
4868,1,4926
4869,1,4927
4870,601,4928
4871,601,4929
4872,601,4930
4873,1,4931
4874,1,4932
4875,601,4933
4876,1,4934
4877,601,4935
4878,601,4936
4879,1032,4937
4880,601,4938
4881,1,4939
4882,1,4940
4883,1,4941
4884,1,4942
4885,601,4943
4886,547,4944
4887,534,4945
4888,584,4946
4889,601,4947
4890,1,4948
4891,601,4949
4892,1,4950
4893,1,4951
4894,1,4952
4895,364,4953
4896,601,4954
4897,1,4955
4898,1,4956
4899,1020,4957
4900,601,4958
4901,601,4959
4902,1,4960
4903,601,4961
4904,601,4962
4905,601,4963
4906,1,4964
4908,1,4966
4909,1,4967
4910,1,4968
4911,601,4969
4912,601,4970
4913,601,4971
4914,1,4972
4915,601,4973
4916,1,4974
4917,1,4975
4918,477,4976
4919,601,4977
4920,601,4978
4921,601,4979
4922,601,4980
4923,601,4981
4924,601,4982
4925,601,4983
4926,601,4984
4927,1,4985
4928,601,4986
4929,601,4987
4930,1,4988
4931,601,4989
4932,601,4990
4933,601,4991
4934,1,4992
4935,601,4993
4936,550,4994
4937,601,4995
4938,1,4996
4939,608,4997
4940,601,4998
4941,601,4999
4942,601,5000
4943,1,5001
4944,601,5002
4945,1,5003
4946,1,5004
4947,1,5005
4948,1,5006
4949,1,5007
4950,1,5008
4951,601,5009
4952,1,5010
4953,601,5011
4955,1,5012
4956,16,5013
4957,208,5014
4958,141,5015
4959,149,5016
4960,144,5017
4961,286,5018
4962,343,5019
4963,1,5020
4966,1,5021
4967,1,5022
4968,1,5023
4969,601,5024
4970,604,5025
4971,601,5026
4972,601,5027
4973,1,5028
4974,601,5029
4975,1,5030
4976,108,5031
4977,7,5032
4978,236,5033
4979,100,5034
4980,252,5035
4981,601,5036
4982,1,5037
4983,1,5038
4985,1,5040
4986,601,5041
4987,601,5042
4988,1,5043
4989,500,5044
4990,601,5045
4991,601,5046
4992,601,5047
4993,601,5048
4994,1,5049
4996,125,5051
4997,289,5052
4997,386,5053
4998,1,5054
4999,205,5055
5000,210,5056
5001,1,5057
5002,601,5058
5003,601,5059
5004,601,5060
5005,601,5061
5006,601,5062
5007,601,5063
5008,601,5064
5009,1,5065
5010,601,5066
5011,1,5067
5012,1,5068
5013,601,5069
5014,2,5070
5015,271,5071
5016,535,5072
5017,421,5073
5018,328,5074
5019,1,5075
5020,1,5076
5022,1,5078
5023,348,5079
5024,28,5080
5025,475,5081
5026,8,5082
5027,1,5083
5028,1,5084
5029,601,5085
5030,1,5086
5031,1,5087
5032,601,5088
5033,1,5089
5034,601,5090
5035,601,5091
5036,285,5092
5037,1,5093
5038,1,5094
5039,1,5095
5040,601,5096
5041,1,5097
5042,41,5098
5042,49,5099
5043,601,5100
5044,601,5101
5045,601,5102
5046,1,5103
5047,601,5104
5048,601,5105
5049,601,5106
5050,601,5107
5051,1,5108
5052,601,5109
5053,601,5110
5054,1,5111
5055,601,5112
5056,601,5113
5057,597,5114
5065,567,5122
5066,601,5123
5067,601,5124
5068,1,5125
5069,601,5126
5070,601,5127
5071,601,5128
5072,516,5129
5073,601,5130
5074,1,5131
5075,601,5132
5076,1,5133
5077,601,5134
5078,601,5135
5079,601,5136
5080,1,5137
5081,1,5138
5082,601,5139
5083,601,5140
5084,1,5141
5085,601,5142
5086,1,5143
5087,601,5144
5088,601,5145
5089,1,5146
5090,1,5147
5091,601,5148
5092,601,5149
5093,601,5150
5094,1,5151
5095,1,5152
5096,1,5153
5097,601,5154
5098,601,5155
5099,547,5156
5100,601,5157
5101,1,5158
5102,601,5159
5103,601,5160
5104,601,5161
5105,601,5162
5106,1,5163
5107,601,5164
5108,601,5165
5109,601,5166
5110,601,5167
5111,601,5168
5112,601,5169
5113,366,5170
5114,1,5171
5115,1,5172
5116,5,5173
5117,1,5174
5118,181,5175
5120,1,5177
5121,601,5178
5122,1,5179
5123,1,5180
5124,1,5181
5125,296,5182
5126,1,5183
5127,601,5184
5128,601,5185
5129,486,5186
5130,601,5187
5131,1,5188
5132,1,5189
5133,601,5190
5134,601,5191
5135,601,5192
5137,601,5193
5138,601,5194
5139,601,5195
5140,601,5196
5142,1,5197
5143,1,5198
5144,601,5199
5145,593,5200
5146,601,5201
5147,601,5202
5148,601,5203
5149,1,5204
5150,1,5205
5151,601,5206
5152,601,5207
5153,1,5208
5154,601,5209
5155,601,5210
5158,1,5211
5159,1,5212
5160,601,5213
5161,1,5214
5162,601,5215
5163,1,5216
5164,601,5217
5165,480,5218
5166,547,5219
5167,601,5220
5168,1,5221
5169,1,5222
5170,1,5223
5171,1,5224
5172,601,5225
5173,1,5226
5174,1,5227
5175,601,5228
5177,1,5230
5178,601,5231
5179,601,5232
5180,601,5233
5181,601,5234
5182,1,5235
5183,601,5236
5184,1,5237
5185,601,5238
5186,601,5239
5187,1,5240
5188,601,5241
5189,1,5242
5190,601,5243
5191,610,5244
5192,601,5245
5193,601,5246
5194,1,5247
5195,601,5248
5196,1,5249
5197,601,5250
5198,601,5251
5199,601,5252
5200,126,5253
5201,601,5254
5202,1,5255
5203,601,5256
5204,601,5257
5205,526,5258
5206,601,5259
5207,1,5260
5208,601,5261
5209,601,5262
5210,601,5263
5211,1,5264
5212,1,5265
5213,1,5266
5214,1,5267
5215,1,5268
5216,1,5269
5217,1,5270
5218,1,5271
5219,1,5272
5220,601,5273
5221,601,5274
5222,601,5275
5223,601,5276
5224,554,5277
5225,554,5278
5226,1,5279
5227,1,5280
5228,601,5281
5229,601,5282
5230,1,5283
5231,601,5284
5232,1,5285
5233,1,5286
5234,601,5287
5235,1,5288
5236,1,5289
5237,1,5290
5238,601,5291
5239,601,5292
5240,37,5293
5241,1,5294
5242,1,5295
5243,1,5296
5244,1,5297
5245,1,5298
5246,601,5299
5247,601,5300
5248,1,5301
5249,601,5302
5250,601,5303
5251,1,5304
5253,446,5306
5254,500,5307
5255,1,5308
5257,1,5311
5258,601,5312
5259,601,5313
5260,1,5314
5261,601,5315
5262,601,5316
5263,601,5317
5264,601,5318
5265,1,5319
5266,1,5320
5267,1,5321
5268,1,5322
5269,1,5323
5270,601,5324
5271,601,5325
5272,1093,5326
5273,1093,5327
5274,601,5328
5276,601,5330
5277,601,5331
5278,601,5332
5279,1,5333
5280,601,5334
5281,1,5335
5282,601,5336
5283,1,5337
5284,1,5338
5285,601,5339
5286,1,5340
5288,1,5342
5289,601,5343
5290,601,5344
5291,601,5345
5292,601,5346
5293,601,5347
5294,601,5348
5295,601,5349
5296,601,5350
5297,601,5351
5299,1,5353
5300,601,5354
5301,601,5355
5302,601,5356
5303,1,5357
5304,601,5358
5305,601,5359
5306,601,5360
5307,601,5361
5308,1,5362
5309,601,5363
5310,1,5364
5311,1,5365
5312,1,5366
5313,1,5367
5314,1,5368
5315,1,5369
5316,1,5370
5317,1,5371
5318,1,5372
5319,1,5373
5320,1,5374
5321,1,5375
5322,1,5376
5323,1,5377
5324,601,5378
5325,601,5379
5326,601,5380
5328,601,5382
5329,1,5383
5330,601,5384
5332,601,5386
5333,601,5387
5335,1,5389
5336,584,5390
5337,601,5391
5341,601,5395
5342,601,5396
5344,601,5398
5345,601,5399
5346,1,5400
5347,601,5401
5348,1,5402
5349,601,5403
5350,601,5404
5351,1,5405
5352,573,5406
5353,1,5407
5354,1,5408
5355,1,5409
5356,601,5410
5357,1,5411
5358,1,5412
5359,601,5413
5360,1,5414
5361,601,5415
5362,78,5416
5363,1,5417
5365,1,5419
5366,601,5420
5367,601,5421
5368,601,5422
5369,1,5423
5370,601,5424
5371,601,5425
5372,601,5426
5373,601,5427
5374,1,5428
5375,501,5429
5376,379,5430
5377,601,5431
5378,601,5432
5379,601,5433
5380,601,5434
5381,601,5435
5382,1,5436
5383,601,5437
5384,601,5438
5385,1,5439
5389,1,5443
5390,1,5444
5391,1,5445
5392,601,5446
5393,601,5447
5394,1,5448
5397,1,5451
5398,541,5452
5399,601,5453
5400,1,5454
5401,1,5455
5402,1,5456
5403,1,5457
5404,601,5458
5405,601,5459
5406,601,5460
5407,601,5461
5408,1,5462
5409,1,5463
5410,1,5464
5411,601,5465
5412,601,5466
5413,601,5467
5414,1,5468
5415,1,5469
5416,601,5470
5417,574,5471
5418,601,5472
5419,1,5473
5420,601,5474
5421,542,5475
5422,1,5476
5423,1,5477
5424,1,5478
5425,1,5479
5426,556,5480
5427,601,5481
5428,1,5482
5429,601,5483
5431,601,5485
5432,601,5486
5433,601,5487
5435,601,5489
5436,1,5490
5437,601,5491
5438,601,5492
5439,601,5493
5440,601,5494
5441,601,5495
5442,1,5496
5443,1,5497
5444,1,5498
5445,1,5499
5446,601,5500
5447,601,5501
5448,601,5502
5449,601,5503
5450,563,5504
5451,601,5505
5452,601,5506
5454,601,5508
5455,1,5509
5456,601,5510
5457,601,5511
5458,601,5512
5459,601,5513
5460,1,5514
5461,601,5515
5462,601,5516
5463,601,5517
5464,601,5518
5465,1,5519
5466,239,5520
5467,606,5521
5468,601,5522
5469,601,5523
5470,1,5524
5471,601,5525
5472,601,5526
5473,499,5527
5474,1,5528
5475,499,5529
5477,601,5531
5478,1,5532
5479,1,5533
5480,1,5534
5481,1,5535
5483,601,5537
5484,601,5538
5485,1,5539
5486,1,5540
5487,1,5541
5488,1,5542
5489,1,5543
5490,1,5544
5491,601,5545
5492,400,5546
5493,601,5547
5494,306,5548
5495,601,5549
5496,400,5550
5497,601,5551
5498,601,5552
5499,601,5553
5500,248,5554
5501,601,5555
5502,306,5556
5503,340,5557
5504,316,5558
5505,272,5559
5506,1,5560
5508,1,5562
5509,1,5563
5510,601,5564
5511,1,5565
5512,1,5566
5513,1,5567
5514,601,5568
5515,507,5569
5516,1032,5570
5517,1147,5571
5518,601,5572
5519,601,5573
5520,601,5574
5521,1192,5575
5522,1192,5576
5523,601,5577
5524,1,5578
5525,601,5579
5526,601,5580
5527,1,5581
5528,601,5582
5529,1,5583
5530,601,5584
5531,1,5585
5532,601,5586
5533,610,5587
5534,610,5588
5535,601,5589
5536,1,5590
5537,1,5591
5538,648,5592
5539,601,5593
5540,1,5594
5541,1,5595
5542,1,5596
5543,1,5597
5544,1,5598
5545,1,5599
5546,601,5600
5547,601,5601
5548,570,5602
5549,565,5603
5550,601,5604
5551,1,5605
5552,601,5606
5553,601,5607
5554,601,5608
5555,1,5609
5556,1,5610
5557,1,5611
5558,1,5612
5559,1,5613
5560,1,5614
5561,1,5615
5562,1,5616
5563,1,5617
5564,1,5618
5565,601,5619
5566,1,5620
5567,601,5621
5568,601,5622
5569,601,5623
5570,1,5624
5571,1,5625
5572,601,5626
5573,601,5627
5574,601,5628
5575,1,5629
5576,612,5630
5577,1,5631
5578,1,5632
5579,1,5633
5580,1,5634
5581,1,5635
5582,1,5636
5583,601,5637
5584,601,5638
5585,1,5639
5586,1,5640
5587,549,5641
5588,549,5642
5590,1,5644
5591,601,5645
5592,1,5646
5593,1,5647
5594,1,5648
5595,1,5649
5596,601,5650
5597,601,5651
5598,1,5652
5599,601,5653
5600,1,5654
5601,1,5655
5602,1,5656
5603,1,5657
5604,1,5658
5605,1,5659
5606,601,5660
5607,1,5661
5608,601,5662
5609,601,5663
5610,1,5664
5611,581,5665
5612,582,5666
5613,1,5667
5614,586,5668
5615,445,5669
5616,601,5670
5619,601,5673
5620,372,5674
5621,587,5675
5622,589,5676
5623,590,5677
5624,591,5678
5625,592,5679
5626,595,5680
5627,596,5681
5628,601,5682
5629,601,5683
5630,1,5684
5631,1,5685
5632,601,5686
5633,547,5687
5634,547,5688
5635,1,5689
5636,1,5690
5637,1,5691
5638,1,5692
5639,1,5693
5640,601,5694
5641,601,5695
5642,1,5696
5643,1,5697
5644,1,5698
5645,1,5699
5646,1,5700
5647,601,5701
5648,601,5702
5649,1,5703
5650,460,5704
5651,601,5705
5652,1,5706
5653,1,5707
5654,601,5708
5655,1,5709
5656,486,5710
5657,601,5711
5658,609,5712
5659,1,5713
5660,1,5714
5661,601,5715
5662,601,5716
5663,1,5717
5664,601,5718
5665,1,5719
5666,1,5720
5667,601,5721
5668,601,5722
5670,1,5724
5671,601,5725
5672,601,5726
5673,601,5727
5674,1,5728
5675,1,5729
5676,1,5730
5677,1,5731
5678,601,5732
5679,1,5733
5680,601,5734
5681,601,5735
5682,1,5736
5683,601,5737
5684,1,5738
5685,1,5739
5686,1,5740
5687,1,5741
5688,601,5742
5689,565,5743
5690,1,5744
5691,1,5745
5692,544,5746
5693,1,5747
5694,601,5748
5695,1,5749
5696,1,5750
5697,1,5751
5698,1,5752
5699,1,5753
5700,1,5754
5701,1,5755
5702,1,5756
5703,601,5757
5704,1,5758
5705,601,5759
5706,601,5760
5707,559,5761
5708,601,5762
5709,1,5763
5710,1,5764
5711,601,5765
5712,601,5766
5713,550,5767
5714,601,5768
5715,1,5769
5716,565,5770
5717,601,5771
5718,1,5772
5719,1,5773
5720,601,5774
5721,1025,5775
5722,601,5776
5723,601,5777
5724,1,5778
5725,1,5779
5726,601,5780
5727,601,5781
5728,1,5782
5729,1,5783
5731,601,5784
5732,1,5785
5733,1,5786
5734,1,5787
5735,1,5788
5736,601,5789
5737,601,5790
5738,1,5791
5739,601,5792
5740,1,5793
5741,1,5794
5742,601,5795
5743,601,5796
5744,1,5797
5745,1,5798
5746,1,5799
5747,1,5800
5748,1,5801
5749,1,5802
5750,1,5803
5751,1,5804
5752,1,5805
5755,601,5808
5756,1,5809
5757,516,5810
5758,1,5811
5760,1,5812
5761,1,5813
5762,601,5814
5763,601,5815
5764,1,5816
5765,601,5817
5766,1,5818
5767,1,5819
5768,1,5820
5769,1,5821
5770,1,5822
5771,601,5823
5773,601,5824
5774,491,5825
5775,601,5826
5776,1,5827
5777,1,5828
5778,1,5829
5779,601,5830
5780,1,5831
5781,601,5832
5783,164,5833
5784,1,5834
5785,1,5835
5786,156,5836
5787,164,5837
5788,203,5838
5790,464,5840
5791,3,5841
5792,601,5842
5793,1,5843
5794,601,5844
5795,601,5845
5796,1,5846
5797,1,5847
5798,1,5848
5799,1,5849
5800,1,5850
5801,601,5851
5803,1,5853
5804,1,5854
5805,1,5855
5806,1,5856
5807,601,5857
5808,601,5858
5809,1,5859
5810,1,5860
5811,601,5861
5812,1,5862
5813,601,5863
5814,601,5864
5815,601,5865
5816,1,5866
5817,1,5867
5818,601,5868
5819,601,5869
5820,554,5870
5821,1,5871
5822,601,5872
5823,1,5873
5824,1,5874
5825,601,5875
5826,601,5876
5827,1,5877
5828,1,5878
5829,1,5879
5830,601,5880
5831,601,5881
5832,601,5882
5833,1,5883
5834,601,5884
5835,1,5885
5836,601,5886
5837,601,5887
5838,601,5888
5839,601,5889
5840,601,5890
5841,601,5891
5842,601,5892
5843,601,5893
5844,601,5894
5845,601,5895
5846,601,5896
5847,601,5897
5848,1020,5898
5849,1020,5899
5850,1,5900
5851,1,5901
5852,601,5902
5853,601,5903
5854,601,5904
5855,601,5905
5856,1,5906
5857,601,5907
5858,460,5908
5859,601,5909
5860,601,5910
5861,1,5911
5862,601,5912
5863,601,5913
5864,1,5914
5865,1,5915
5866,1,5916
5867,601,5917
5868,1,5918
5869,1,5919
5870,1,5920
5871,601,5921
5872,601,5922
5873,570,5923
5874,601,5924
5875,1,5925
5876,1,5926
5877,601,5927
5878,601,5928
5888,562,5929
5889,562,5930
5890,601,5931
5891,1,5932
5892,601,5933
5893,1,5934
5894,601,5935
5895,601,5936
5896,601,5937
5897,601,5938
5898,1006,5939
5899,601,5940
5900,601,5941
5901,601,5942
5902,601,5943
5903,601,5944
5904,601,5945
5905,601,5946
5906,601,5947
5907,601,5948
5908,601,5949
5909,601,5950
5910,601,5951
5911,601,5952
5912,601,5953
5913,601,5954
5914,601,5955
5915,601,5956
5916,601,5957
5917,601,5958
5918,601,5959
5919,601,5960
5920,601,5961
5921,601,5962
5922,601,5963
5923,601,5964
5924,601,5965
5925,601,5966
5926,601,5967
5927,1,5968
5928,601,5969
5929,601,5970
5930,601,5971
5931,601,5972
5932,601,5973
5933,601,5974
5934,601,5975
5935,601,5976
5936,601,5977
5937,601,5978
5938,601,5979
5939,601,5980
5940,601,5981
5941,601,5982
5942,1,5983
5943,1,5984
5944,1,5985
5945,1,5986
5946,1,5987
5947,1,5988
5948,1,5989
5949,1,5990
5950,1,5991
5951,1,5992
5952,601,5993
5953,614,5994
5954,1,5995
5955,1,5996
5956,601,5997
5957,601,5998
5958,601,5999
5959,601,6000
5960,510,6001
5961,601,6002
5962,1,6003
5963,601,6004
5964,1,6005
5965,601,6006
5966,601,6007
5967,601,6008
5968,601,6009
5969,1,6010
5970,601,6011
5971,1,6012
5972,601,6013
5973,1,6014
5974,601,6015
5975,601,6016
5976,1,6017
5977,601,6018
5978,1,6019
5979,1,6020
5980,601,6021
5981,1,6022
5982,1,6023
5983,1,6024
5984,1,6025
5985,1,6026
5986,1,6027
5987,1,6028
7802,8,6312
7803,8,6313
7335,644,6314
7381,6,6315
7382,6,6316
7336,645,6317
7861,10,6318
7396,10,6319
7404,10,6320
7406,10,6321
7393,10,6322
7419,10,6323
7405,10,6324
7417,10,6325
7414,10,6326
7391,10,6327
7412,10,6328
7401,10,6329
7416,10,6330
7413,10,6331
7403,10,6332
7418,10,6333
7399,10,6334
7398,10,6335
7389,10,6336
7400,10,6337
7395,10,6338
7415,10,6339
7394,10,6340
7392,10,6341
7388,10,6342
7407,10,6343
7402,10,6344
7390,10,6345
7409,10,6346
7408,10,6347
7386,10,6348
7410,10,6349
7397,10,6350
7387,10,6351
7411,10,6352
7380,643,6353
7338,643,6354
7236,647,6355
7274,647,6356
7234,647,6357
7235,647,6358
7275,647,6359
7385,1024,6360
7332,1017,6361
7344,1019,6362
7239,1019,6363
7342,1019,6364
7357,1019,6365
7358,1019,6366
7347,1019,6367
7360,1019,6368
7370,1019,6369
7376,1019,6370
7371,1019,6371
7373,1019,6372
7375,1019,6373
7372,1019,6374
7377,1019,6375
7349,1019,6376
7345,1019,6377
7366,1019,6378
7369,1019,6379
7367,1019,6380
7368,1019,6381
7374,1019,6382
7353,1019,6383
7361,1019,6384
7350,1019,6385
7351,1019,6386
7356,1019,6387
7354,1019,6388
7346,1019,6389
7362,1019,6390
7348,1019,6391
7359,1019,6392
7355,1019,6393
7341,1019,6394
7352,1019,6395
7343,1019,6396
7946,1005,6397
7947,1005,6398
7948,1005,6399
7945,1005,6400
7806,3,6401
7804,3,6402
7801,3,6403
7798,3,6404
7805,3,6405
7832,4,6406
7833,4,6407
7834,4,6408
7835,4,6409
7836,4,6410
7837,4,6411
7838,4,6412
7839,4,6413
7840,4,6414
7954,4,6415
7953,4,6416
7952,4,6417
7828,4,6418
7827,4,6419
7826,4,6420
7825,4,6421
7824,4,6422
7823,4,6423
7822,4,6424
7821,4,6425
7820,4,6426
7831,4,6427
7830,4,6428
7829,4,6429
7841,4,6430
7842,4,6431
7843,4,6432
7844,4,6433
7845,4,6434
7846,4,6435
7847,4,6436
7848,4,6437
7849,4,6438
7850,4,6439
7851,4,6440
7852,4,6441
7853,4,6442
7854,4,6443
7807,9,6444
7800,9,6445
7799,9,6446
7795,601,6447
7434,8,6448
7557,8,6449
7548,8,6450
7432,8,6451
7570,8,6452
7447,8,6453
7593,8,6454
7455,8,6455
7591,8,6456
7555,8,6457
7441,8,6458
7597,8,6459
7477,8,6460
7459,8,6461
7426,8,6462
7599,8,6463
7556,8,6464
7471,8,6465
7470,8,6466
7466,8,6467
7433,8,6468
7431,8,6469
7475,8,6470
7574,8,6471
7462,8,6472
7457,8,6473
7587,8,6474
7575,8,6475
7560,8,6476
7425,8,6477
7469,8,6478
7549,8,6479
7725,8,6480
7567,8,6481
7437,8,6482
7584,8,6483
7598,8,6484
7440,8,6485
7476,8,6486
7467,8,6487
7564,8,6488
7463,8,6489
7592,8,6490
7596,8,6491
7452,8,6492
7439,8,6493
7436,8,6494
7453,8,6495
7576,8,6496
7448,8,6497
7552,8,6498
7553,8,6499
7551,8,6500
7464,8,6501
7558,8,6502
7578,8,6503
7594,8,6504
7428,8,6505
7554,8,6506
7451,8,6507
7468,8,6508
7547,8,6509
7572,8,6510
7565,8,6511
7568,8,6512
7573,8,6513
7429,8,6514
7583,8,6515
7458,8,6516
7465,8,6517
7427,8,6518
